symbol,exchange,open_order_id,close_order_id,open_id_provenance,entry_ts_utc,exit_ts_utc,side,filled_qty_entry,close_filled_qty,entry_price,exit_price,realized_pnl,realized_pnl_pct,close_reason,reconciliation_tag,trade_status,classification,history_event_source,user_id
XLMUSD,Coinbase,3bdc6416-dcd7-4d7e-97fb-5275a8e80a97,fb5674c2-5897-4bec-98e3-f1df9f8ac8e0,REAL_BROKER_ID,2026-06-06 16:11:45,2026-06-06 17:11:54,BUY,294.52652,294.52652,0.21,0.21,0,0,MAX_HOLD,,FILLED,4_REAL_FILL_PNL_ZEROED_PRECISION,trade_close,user_3EE6nUFLlXYSfvjf46CdFFRRG4A
XLMUSD,Coinbase,78529356-1fbc-49da-956b-cf47e2444fb4,4d1da365-aafe-4dec-85d8-c1880b2d7c65,REAL_BROKER_ID,2026-06-06 16:09:49,2026-06-06 17:09:51,BUY,293.41757,293.41757,0.21,0.21,0,0,MAX_HOLD,,FILLED,4_REAL_FILL_PNL_ZEROED_PRECISION,trade_close,user_3EE6nUFLlXYSfvjf46CdFFRRG4A
XLMUSD,Coinbase,2e3a96e3-e2a4-4975-a87d-03fc1f734635,0904351d-01b9-483d-9058-e2104a8d5a08,REAL_BROKER_ID,2026-06-06 16:03:46,2026-06-06 17:03:53,BUY,294.04846,294.04846,0.21,0.21,0,0,MAX_HOLD,,FILLED,4_REAL_FILL_PNL_ZEROED_PRECISION,trade_close,user_3EE6nUFLlXYSfvjf46CdFFRRG4A
XLMUSD,Coinbase,30ab7867-c76b-47b2-b3bc-00d0166a5bee,ac376091-7969-4d10-bc0a-2787bb23023e,REAL_BROKER_ID,2026-06-06 16:01:48,2026-06-06 17:01:53,BUY,297.05466,297.05466,0.21,0.21,0,0,MAX_HOLD,,FILLED,4_REAL_FILL_PNL_ZEROED_PRECISION,trade_close,user_3EE6nUFLlXYSfvjf46CdFFRRG4A
XLMUSD,Coinbase,f0e74d9f-8153-4529-8e26-d4437dff7ee0,187bea97-4174-448f-84d1-001d31b3c41c,REAL_BROKER_ID,2026-06-06 16:02:53,2026-06-06 16:20:04,BUY,294.8767,294.8767,0.21,0.21,0,0,STOP_LOSS,,FILLED,4_REAL_FILL_PNL_ZEROED_PRECISION,trade_close,user_3EE6nUFLlXYSfvjf46CdFFRRG4A
XLMUSD,Coinbase,648857e2-e768-4aec-a41a-f9fc2a5679a6,6fa5ca1c-67e8-415b-8db7-200830630bbc,REAL_BROKER_ID,2026-06-06 16:12:47,2026-06-06 16:20:04,BUY,296.5571,296.5571,0.21,0.21,0,0,STOP_LOSS,,FILLED,4_REAL_FILL_PNL_ZEROED_PRECISION,trade_close,user_3EE6nUFLlXYSfvjf46CdFFRRG4A
XLMUSD,Coinbase,d879cc8b-1549-4391-939d-79458317ed2f,8f2e63b7-8f98-4de8-8fff-b79a348abf4f,REAL_BROKER_ID,2026-06-06 16:14:44,2026-06-06 16:20:04,BUY,296.231,296.231,0.21,0.21,0,0,STOP_LOSS,,FILLED,4_REAL_FILL_PNL_ZEROED_PRECISION,trade_close,user_3EE6nUFLlXYSfvjf46CdFFRRG4A
TONUSD,Coinbase,9be0c84b-c10c-4809-a2d7-5cc494eaa064,16620d0e-f906-4caf-a0b5-f4ee594e06c9,REAL_BROKER_ID,2026-06-06 14:51:44,2026-06-06 15:51:49,BUY,78.02,78.02,1.6,1.6,0,0,MAX_HOLD,,FILLED,4_REAL_FILL_PNL_ZEROED_PRECISION,trade_close,user_3EE6nUFLlXYSfvjf46CdFFRRG4A
TONUSD,Coinbase,fb711c89-f167-4ecf-ba60-965b66bbb3c6,bc62fe9a-5f82-4c2b-803d-1d2c09eed2c8,REAL_BROKER_ID,2026-06-06 14:50:47,2026-06-06 15:50:50,BUY,77.93,77.93,1.6,1.6,0,0,MAX_HOLD,,FILLED,4_REAL_FILL_PNL_ZEROED_PRECISION,trade_close,user_3EE6nUFLlXYSfvjf46CdFFRRG4A
TONUSD,Coinbase,0a2b4bc9-e147-49f0-a9c0-34660bbdb53b,f5c2c8b3-9cb4-4d49-9f47-48d52c33c5f6,REAL_BROKER_ID,2026-06-06 14:47:43,2026-06-06 15:47:50,BUY,77.97,77.97,1.6,1.6,0,0,MAX_HOLD,,FILLED,4_REAL_FILL_PNL_ZEROED_PRECISION,trade_close,user_3EE6nUFLlXYSfvjf46CdFFRRG4A
APTUSD,Coinbase,a93d8473-15b2-4890-bb43-c4e9311d924c,9fb932de-aac7-4ab9-bca7-4fc3ed6c9007,REAL_BROKER_ID,2026-06-06 13:40:40,2026-06-06 14:40:56,BUY,188.736,188.736,0.66,0.66,0,0,MAX_HOLD,,FILLED,4_REAL_FILL_PNL_ZEROED_PRECISION,trade_close,user_3EE6nUFLlXYSfvjf46CdFFRRG4A
SUIUSD,Coinbase,bee2eb83-0809-446a-a3fb-e4876fe1387f,71d08e6b-9e7e-4d9d-9e5b-324b58512f51,REAL_BROKER_ID,2026-06-06 13:35:42,2026-06-06 14:35:46,BUY,173.9,173.9,0.72,0.72,0,0,MAX_HOLD,,FILLED,4_REAL_FILL_PNL_ZEROED_PRECISION,trade_close,user_3EE6nUFLlXYSfvjf46CdFFRRG4A
FETUSD,Coinbase,dc742452-f431-4437-8c32-fa6317de601d,f7bfbbf2-efe5-4085-8aef-2061f6548a96,REAL_BROKER_ID,2026-06-06 14:20:47,2026-06-06 14:22:35,BUY,637.4,637.4,0.2,0.2,0,0,STOP_LOSS,,FILLED,4_REAL_FILL_PNL_ZEROED_PRECISION,trade_close,user_3EE6nUFLlXYSfvjf46CdFFRRG4A
SUIUSD,Coinbase,bacbc9b2-5bfb-4d7d-9732-e62f6e4271d0,07966793-1175-470e-a0cb-22def9ce5df4,REAL_BROKER_ID,2026-06-06 13:14:49,2026-06-06 14:14:54,BUY,174,174,0.72,0.72,0,0,MAX_HOLD,,FILLED,4_REAL_FILL_PNL_ZEROED_PRECISION,trade_close,user_3EE6nUFLlXYSfvjf46CdFFRRG4A
SUIUSD,Coinbase,5bd69c0f-11a0-4b2f-80e7-26d85a947a75,220a514e-d139-4000-a663-2b3545656e90,REAL_BROKER_ID,2026-06-06 13:03:44,2026-06-06 14:03:54,BUY,174,174,0.72,0.72,0,0,MAX_HOLD,,FILLED,4_REAL_FILL_PNL_ZEROED_PRECISION,trade_close,user_3EE6nUFLlXYSfvjf46CdFFRRG4A
DOTUSD,Coinbase,726e102f-b1b2-4f4b-a123-015bd6a0da38,266f5d8a-614d-4320-8a14-41c02d48ed21,REAL_BROKER_ID,2026-06-06 13:02:47,2026-06-06 14:02:54,BUY,131.16475,131.16475,0.95,0.95,0,0,MAX_HOLD,,FILLED,4_REAL_FILL_PNL_ZEROED_PRECISION,trade_close,user_3EE6nUFLlXYSfvjf46CdFFRRG4A
DOTUSD,Kraken,O4I45J-XPEOY-QI7EM5,OOVCDI-NJC6V-HUYMYE,REAL_BROKER_ID,2026-06-06 13:02:47,2026-06-06 14:02:53,BUY,10.493179,10.493179,0.95,0.95,0,0,MAX_HOLD,,FILLED,4_REAL_FILL_PNL_ZEROED_PRECISION,trade_close,user_3E5J2pD3qcYrAHyvfY8uUiBy8cW
SUIUSD,Coinbase,d866e3a0-c735-4096-b187-7cfea9e7e223,6324799e-521f-4ab8-9b68-3771aedfd898,REAL_BROKER_ID,2026-06-06 13:01:43,2026-06-06 14:01:54,BUY,174.1,174.1,0.72,0.72,0,0,MAX_HOLD,,FILLED,4_REAL_FILL_PNL_ZEROED_PRECISION,trade_close,user_3EE6nUFLlXYSfvjf46CdFFRRG4A
SUIUSD,Kraken,OMD2UE-7NYMY-U5REX7,OK3ZKR-ROBIV-4KII35,REAL_BROKER_ID,2026-06-06 13:01:43,2026-06-06 14:01:54,BUY,13.93534,13.93534,0.72,0.72,0,0,MAX_HOLD,,FILLED,4_REAL_FILL_PNL_ZEROED_PRECISION,trade_close,user_3E5J2pD3qcYrAHyvfY8uUiBy8cW
DOTUSD,Coinbase,c36d0879-b516-4a08-8736-c193af3cc5d1,40400eec-3985-49ed-8968-320ff5c924e7,REAL_BROKER_ID,2026-06-06 12:49:46,2026-06-06 13:49:50,BUY,131.16475,131.16475,0.95,0.95,0,0,MAX_HOLD,,FILLED,4_REAL_FILL_PNL_ZEROED_PRECISION,trade_close,user_3EE6nUFLlXYSfvjf46CdFFRRG4A
ATOMUSD,Coinbase,058aa81b-3e3f-49c9-8620-4c778dc77d2d,21536fb3-7711-4b4d-805a-3b930a631ecb,REAL_BROKER_ID,2026-06-06 11:48:43,2026-06-06 12:48:48,BUY,76.64,76.64,1.63,1.63,0,0,MAX_HOLD,,FILLED,4_REAL_FILL_PNL_ZEROED_PRECISION,trade_close,user_3EE6nUFLlXYSfvjf46CdFFRRG4A
ATOMUSD,Kraken,OYNYC5-7EPTF-D5H737,OXGA67-JEJHN-U7C5J3,REAL_BROKER_ID,2026-06-06 11:48:43,2026-06-06 12:48:47,BUY,6.131208,6.131208,1.63,1.63,0,0,MAX_HOLD,,FILLED,4_REAL_FILL_PNL_ZEROED_PRECISION,trade_close,user_3E5J2pD3qcYrAHyvfY8uUiBy8cW
FETUSD,Coinbase,c733d70b-2002-4007-9a25-475383d0a37e,5c3cee06-255f-45e2-bf0f-1dc45911b1b4,REAL_BROKER_ID,2026-06-06 10:58:55,2026-06-06 11:59:04,BUY,646.9,646.9,0.19,0.19,0,0,MAX_HOLD,,FILLED,4_REAL_FILL_PNL_ZEROED_PRECISION,trade_close,user_3EE6nUFLlXYSfvjf46CdFFRRG4A
FETUSD,Coinbase,d0267d52-352f-40a7-991b-6631c2e03685,65fa25fc-d5a7-498e-a8f4-5efc95086781,REAL_BROKER_ID,2026-06-06 10:51:48,2026-06-06 11:51:54,BUY,647.3,647.3,0.19,0.19,0,0,MAX_HOLD,,FILLED,4_REAL_FILL_PNL_ZEROED_PRECISION,trade_close,user_3EE6nUFLlXYSfvjf46CdFFRRG4A
FETUSD,Coinbase,5659c7ab-e2a8-44ac-af1f-e41d2f835e5e,a5cda7b4-4e3b-4d27-a7f4-d2941a041aa3,REAL_BROKER_ID,2026-06-06 10:50:51,2026-06-06 11:50:53,BUY,647.6,647.6,0.19,0.19,0,0,MAX_HOLD,,FILLED,4_REAL_FILL_PNL_ZEROED_PRECISION,trade_close,user_3EE6nUFLlXYSfvjf46CdFFRRG4A
FETUSD,Coinbase,406a58e2-e57d-46e2-bc10-c940e8fcd154,cd9c7d7f-5d5a-4244-85e4-4a2adbf6fc0b,REAL_BROKER_ID,2026-06-06 10:39:42,2026-06-06 11:39:45,BUY,651.7,651.7,0.19,0.19,0,0,MAX_HOLD,,FILLED,4_REAL_FILL_PNL_ZEROED_PRECISION,trade_close,user_3EE6nUFLlXYSfvjf46CdFFRRG4A
FETUSD,Coinbase,d21f7747-3066-4554-ac6f-3ea598701788,c43ec213-3b37-4453-ac0d-b1e9226b4b44,REAL_BROKER_ID,2026-06-06 10:38:56,2026-06-06 11:38:58,BUY,651.3,651.3,0.19,0.19,0,0,MAX_HOLD,,FILLED,4_REAL_FILL_PNL_ZEROED_PRECISION,trade_close,user_3EE6nUFLlXYSfvjf46CdFFRRG4A
FETUSD,Coinbase,2de2183e-c761-413a-b7ea-0e8606dd9e8d,0e344610-6894-4b58-afbb-4128491d93ab,REAL_BROKER_ID,2026-06-06 10:34:43,2026-06-06 11:34:48,BUY,651.7,651.7,0.19,0.19,0,0,MAX_HOLD,,FILLED,4_REAL_FILL_PNL_ZEROED_PRECISION,trade_close,user_3EE6nUFLlXYSfvjf46CdFFRRG4A
FETUSD,Coinbase,8dce494b-b3c8-487e-b378-6a71b8db1d52,f0d6cfd3-f4e0-4471-9136-ded03846fa8b,REAL_BROKER_ID,2026-06-06 10:33:56,2026-06-06 11:34:04,BUY,650.7,650.7,0.19,0.19,0,0,MAX_HOLD,,FILLED,4_REAL_FILL_PNL_ZEROED_PRECISION,trade_close,user_3EE6nUFLlXYSfvjf46CdFFRRG4A
FETUSD,Kraken,OQNSYH-CU6CZ-5YCM5R,OVLUSR-FDGP7-MDJHYX,REAL_BROKER_ID,2026-06-06 10:33:56,2026-06-06 11:34:03,BUY,52.05622,52.05622,0.19,0.19,0,0,MAX_HOLD,,FILLED,4_REAL_FILL_PNL_ZEROED_PRECISION,trade_close,user_3E5J2pD3qcYrAHyvfY8uUiBy8cW
FETUSD,Coinbase,ca892492-ca6f-4769-83f2-2b267dedc873,cc2601d4-370a-4328-9610-b1884bcd9f57,REAL_BROKER_ID,2026-06-06 10:32:49,2026-06-06 11:32:54,BUY,649.6,649.6,0.19,0.19,0,0,MAX_HOLD,,FILLED,4_REAL_FILL_PNL_ZEROED_PRECISION,trade_close,user_3EE6nUFLlXYSfvjf46CdFFRRG4A
FETUSD,Kraken,OW7Q2H-XL27Y-FSRE65,OERX3I-ZS23H-H7QR7Q,REAL_BROKER_ID,2026-06-06 10:32:49,2026-06-06 11:32:53,BUY,51.97505,51.97505,0.19,0.19,0,0,MAX_HOLD,,FILLED,4_REAL_FILL_PNL_ZEROED_PRECISION,trade_close,user_3E5J2pD3qcYrAHyvfY8uUiBy8cW
DOTUSD,Coinbase,3f2a944b-de1c-41d9-9f74-cfffb96169de,7babff98-4970-4c87-b0cd-8b5812ba3246,REAL_BROKER_ID,2026-06-06 07:46:05,2026-06-06 10:21:20,BUY,132.27513,132.27513,0.94,0.94,0,0,MAX_HOLD,,FILLED,4_REAL_FILL_PNL_ZEROED_PRECISION,trade_close,user_3EE6nUFLlXYSfvjf46CdFFRRG4A
RNDRUSD,Coinbase,113f1aef-5903-4b2b-a25f-9f4ad7cd32cf,d97f1163-b109-4fad-8e45-9412abc2db27,REAL_BROKER_ID,2026-06-06 07:14:08,2026-06-06 08:14:10,BUY,76.4,76.4,1.64,1.64,0,0,MAX_HOLD,,FILLED,4_REAL_FILL_PNL_ZEROED_PRECISION,trade_close,user_3EE6nUFLlXYSfvjf46CdFFRRG4A
AAVEUSD,Coinbase,4374d8f1-52a2-472c-9601-79cddeaea254,f295f806-589b-4d84-be93-7e7330bf2764,REAL_BROKER_ID,2026-06-06 07:10:10,2026-06-06 08:10:20,BUY,2.037,2.037,61.34,61.34,0,0,MAX_HOLD,,FILLED,4_REAL_FILL_PNL_ZEROED_PRECISION,trade_close,user_3EE6nUFLlXYSfvjf46CdFFRRG4A
LDOUSD,Coinbase,7d7bffeb-9ff1-4f53-a446-26b90f9b1095,ba9e604b-5e94-488a-9d8b-2b8d1efd39d0,REAL_BROKER_ID,2026-06-06 06:46:04,2026-06-06 07:46:20,BUY,488.28,488.28,0.26,0.26,0,0,MAX_HOLD,,FILLED,4_REAL_FILL_PNL_ZEROED_PRECISION,trade_close,user_3EE6nUFLlXYSfvjf46CdFFRRG4A
LDOUSD,Coinbase,1e586e64-e727-4cb7-af65-19c7d46a032b,071e23c3-71bb-475b-874b-3fe8c4d2b965,REAL_BROKER_ID,2026-06-06 06:45:17,2026-06-06 07:45:30,BUY,488.28,488.28,0.26,0.26,0,0,MAX_HOLD,,FILLED,4_REAL_FILL_PNL_ZEROED_PRECISION,trade_close,user_3EE6nUFLlXYSfvjf46CdFFRRG4A
ICPUSD,Coinbase,55814ebd-3a94-4ae3-af96-305be5770973,8a291726-f2b1-428c-92fc-6e06f084100c,REAL_BROKER_ID,2026-06-06 06:23:12,2026-06-06 07:23:16,BUY,54.5613,54.5613,2.29,2.29,0,0,MAX_HOLD,,FILLED,4_REAL_FILL_PNL_ZEROED_PRECISION,trade_close,user_3EE6nUFLlXYSfvjf46CdFFRRG4A
LTCUSD,Kraken,O6GJO5-PPMT3-OIINPY,OJPA5K-JNZIS-TAMKMW,REAL_BROKER_ID,2026-06-06 06:23:07,2026-06-06 07:23:15,BUY,0.23507287,0.23507287,42.54,42.54,0,0,MAX_HOLD,,FILLED,4_REAL_FILL_PNL_ZEROED_PRECISION,trade_close,user_3E5J2pD3qcYrAHyvfY8uUiBy8cW
FETUSD,Coinbase,4637e36f-a8e7-44ec-89a7-7debe339d65d,e1d35235-a3e3-4c09-b3b2-0dbda1f5dede,REAL_BROKER_ID,2026-06-06 07:09:06,2026-06-06 07:10:57,BUY,634.8,634.8,0.2,0.2,0,0,STOP_LOSS,,FILLED,4_REAL_FILL_PNL_ZEROED_PRECISION,trade_close,user_3EE6nUFLlXYSfvjf46CdFFRRG4A
FETUSD,Coinbase,7fe67ea9-4e31-4aca-bf51-cff78c2973a1,a86e87a6-ecfa-45d1-9979-4d52ae7e2d5e,REAL_BROKER_ID,2026-06-06 07:08:14,2026-06-06 07:09:58,BUY,634.1,634.1,0.2,0.2,0,0,STOP_LOSS,,FILLED,4_REAL_FILL_PNL_ZEROED_PRECISION,trade_close,user_3EE6nUFLlXYSfvjf46CdFFRRG4A
SUIUSD,Coinbase,9db57191-791c-4ffb-b4d2-9136be97d748,545c7ae4-58f9-44f2-9be0-45a39ed31751,REAL_BROKER_ID,2026-06-06 06:06:03,2026-06-06 07:06:06,BUY,179.4,179.4,0.7,0.7,0,0,MAX_HOLD,,FILLED,4_REAL_FILL_PNL_ZEROED_PRECISION,trade_close,user_3EE6nUFLlXYSfvjf46CdFFRRG4A
NEARUSD,Coinbase,362a8280-e843-4ef0-b180-d9819d2a8603,f84d8922-8d80-4dec-b6ce-ab875583a1e4,REAL_BROKER_ID,2026-06-06 05:59:03,2026-06-06 06:59:06,BUY,64.733,64.733,1.93,1.93,0,0,MAX_HOLD,,FILLED,4_REAL_FILL_PNL_ZEROED_PRECISION,trade_close,user_3EE6nUFLlXYSfvjf46CdFFRRG4A
MATICUSD,Coinbase,f52af448-8068-4ec3-a1b6-1ca2000c1432,a0075b06-8deb-464f-ae2c-a88600cbc841,REAL_BROKER_ID,2026-06-06 05:40:18,2026-06-06 06:40:25,BUY,1691.47,1691.47,0.07,0.07,0,0,MAX_HOLD,,FILLED,4_REAL_FILL_PNL_ZEROED_PRECISION,trade_close,user_3EE6nUFLlXYSfvjf46CdFFRRG4A
MATICUSD,Coinbase,dbd15399-5f0c-4259-bf93-333150b60147,,REAL_BROKER_ID,2026-06-06 05:38:21,2026-06-06 06:38:47,BUY,1696.06,,0.07,0.07,0,0,RECONCILED_INSUFFICIENT_FUNDS,ZOMBIE_INSUFFICIENT_FUNDS,RECONCILED,5_RECONCILED_ORPHAN_SYNTHETIC_CLOSE,trade_close,user_3EE6nUFLlXYSfvjf46CdFFRRG4A
LDOUSD,Coinbase,7c2b0f35-ae74-4428-8ec7-39a67361ebdd,63ad53e7-0be8-492b-9ad6-f8b4221295de,REAL_BROKER_ID,2026-06-06 03:57:07,2026-06-06 04:57:12,BUY,492.12,492.12,0.25,0.25,0,0,MAX_HOLD,,FILLED,4_REAL_FILL_PNL_ZEROED_PRECISION,trade_close,user_3EE6nUFLlXYSfvjf46CdFFRRG4A
LDOUSD,Coinbase,4e0d7b1f-d558-461e-9d0a-e23a8076742f,d4f83195-24b4-4314-9f5d-2cf4794234b7,REAL_BROKER_ID,2026-06-06 03:56:09,2026-06-06 04:56:12,BUY,492.12,492.12,0.25,0.25,0,0,MAX_HOLD,,FILLED,4_REAL_FILL_PNL_ZEROED_PRECISION,trade_close,user_3EE6nUFLlXYSfvjf46CdFFRRG4A
LDOUSD,Kraken,OZDHVN-HWTG5-SAPCMZ,OMQ4HR-SBEQV-G3D6EO,REAL_BROKER_ID,2026-06-06 03:56:09,2026-06-06 04:56:11,BUY,39.37008,39.37008,0.25,0.25,0,0,MAX_HOLD,,FILLED,4_REAL_FILL_PNL_ZEROED_PRECISION,trade_close,user_3E5J2pD3qcYrAHyvfY8uUiBy8cW
XLMUSD,Coinbase,loop-u-user_3EE-1780693207254-tzxq,,ENGINE_SYNTHETIC,2026-06-05 21:00:07,2026-06-06 03:46:07,BUY,1e-08,,0.2,0.2,0,0,RECONCILED_DUST_PHANTOM,RECONCILED_DUST_PHANTOM,RECONCILED,4_PHANTOM_INTERNAL_NO_REAL_ORDER,trade_close,user_3EE6nUFLlXYSfvjf46CdFFRRG4A
DOTUSD,Coinbase,loop-u-user_3EE-1780693194482-1tms,,ENGINE_SYNTHETIC,2026-06-05 20:59:54,2026-06-06 03:46:07,BUY,1e-08,,0.95,0.95,0,0,RECONCILED_DUST_PHANTOM,RECONCILED_DUST_PHANTOM,RECONCILED,4_PHANTOM_INTERNAL_NO_REAL_ORDER,trade_close,user_3EE6nUFLlXYSfvjf46CdFFRRG4A
AVAXUSD,Coinbase,loop-u-user_3EE-1780691115990-huxe,,ENGINE_SYNTHETIC,2026-06-05 20:25:16,2026-06-06 02:53:18,BUY,1e-08,,6.91,6.91,0,0,RECONCILED_INSUFFICIENT_FUNDS,ZOMBIE_INSUFFICIENT_FUNDS,RECONCILED,5_RECONCILED_ORPHAN_SYNTHETIC_CLOSE,trade_close,user_3EE6nUFLlXYSfvjf46CdFFRRG4A
AVAXUSD,Coinbase,loop-u-user_3EE-1780691341940-h7eg,,ENGINE_SYNTHETIC,2026-06-05 20:29:02,2026-06-06 02:53:18,BUY,1e-08,,6.9,6.9,0,0,RECONCILED_INSUFFICIENT_FUNDS,ZOMBIE_INSUFFICIENT_FUNDS,RECONCILED,5_RECONCILED_ORPHAN_SYNTHETIC_CLOSE,trade_close,user_3EE6nUFLlXYSfvjf46CdFFRRG4A
AXSUSD,Coinbase,loop-u-user_3EE-1780706156963-uk50,close-u-user_3EE-1780709765162-rsk4,ENGINE_SYNTHETIC,2026-06-06 00:35:57,2026-06-06 01:36:06,BUY,133.12,,0.94,0.94,0,0,MAX_HOLD,,CLOSED_UNVERIFIED,5_ENGINE_CLOSE_NO_BROKER_FILL_CAPTURED,trade_close,user_3EE6nUFLlXYSfvjf46CdFFRRG4A
AXSUSD,Coinbase,loop-u-user_3EE-1780706115420-nr2k,close-u-user_3EE-1780709729971-9sxr,ENGINE_SYNTHETIC,2026-06-06 00:35:15,2026-06-06 01:35:30,BUY,132.696,,0.94,0.94,0,0,MAX_HOLD,,CLOSED_UNVERIFIED,5_ENGINE_CLOSE_NO_BROKER_FILL_CAPTURED,trade_close,user_3EE6nUFLlXYSfvjf46CdFFRRG4A
AXSUSD,Coinbase,loop-u-user_3EE-1780706046312-vlqw,close-u-user_3EE-1780709661173-9y4z,ENGINE_SYNTHETIC,2026-06-06 00:34:06,2026-06-06 01:34:21,BUY,132.837,,0.94,0.94,0,0,MAX_HOLD,,CLOSED_UNVERIFIED,5_ENGINE_CLOSE_NO_BROKER_FILL_CAPTURED,trade_close,user_3EE6nUFLlXYSfvjf46CdFFRRG4A
XLMUSD,Coinbase,loop-u-user_3EE-1780693557145-vbic,close-u-user_3EE-1780697173185-6bs4,ENGINE_SYNTHETIC,2026-06-05 21:05:57,2026-06-05 22:06:13,BUY,310.34003,,0.2,0.2,0,0,MAX_HOLD,,CLOSED_UNVERIFIED,5_ENGINE_CLOSE_NO_BROKER_FILL_CAPTURED,trade_close,user_3EE6nUFLlXYSfvjf46CdFFRRG4A
XLMUSD,Coinbase,loop-u-user_3EE-1780693207254-tzxq,close-u-user_3EE-1780696826168-iref,ENGINE_SYNTHETIC,2026-06-05 21:00:07,2026-06-05 22:00:26,BUY,310.2784,,0.2,0.2,0,0,MAX_HOLD_PARTIAL,,CLOSED_UNVERIFIED,3_PARTIAL_CLOSE_PNL_ZERO,trade_close,user_3EE6nUFLlXYSfvjf46CdFFRRG4A
ETCUSD,Kraken,OJ3YXN-VAKSV-BT2UZA,,REAL_BROKER_ID,2026-06-05 20:52:54,2026-06-05 21:53:19,BUY,1.457726,,6.86,6.86,0,0,RECONCILED_INSUFFICIENT_FUNDS,ZOMBIE_INSUFFICIENT_FUNDS,RECONCILED,5_RECONCILED_ORPHAN_SYNTHETIC_CLOSE,trade_close,user_3E5J2pD3qcYrAHyvfY8uUiBy8cW
RNDRUSD,Coinbase,loop-u-user_3EE-1780692541794-zzq5,,ENGINE_SYNTHETIC,2026-06-05 20:49:02,2026-06-05 21:49:51,BUY,74.31,,1.68,1.68,0,0,RECONCILED_INSUFFICIENT_FUNDS,ZOMBIE_INSUFFICIENT_FUNDS,RECONCILED,5_RECONCILED_ORPHAN_SYNTHETIC_CLOSE,trade_close,user_3EE6nUFLlXYSfvjf46CdFFRRG4A
MATICUSD,Coinbase,loop-u-user_3EE-1780694702820-4zde,close-u-user_3EE-1780694806963-gp6d,ENGINE_SYNTHETIC,2026-06-05 21:25:03,2026-06-05 21:26:47,BUY,1653.43,,0.08,0.08,0,0,STOP_LOSS,,CLOSED_UNVERIFIED,5_ENGINE_CLOSE_NO_BROKER_FILL_CAPTURED,trade_close,user_3EE6nUFLlXYSfvjf46CdFFRRG4A
XLMUSD,Coinbase,loop-u-user_3EE-1780692718614-0o9y,close-u-user_3EE-1780692969519-xukr,ENGINE_SYNTHETIC,2026-06-05 20:51:58,2026-06-05 20:56:09,BUY,312.5719,,0.2,0.2,0,0,STOP_LOSS,,CLOSED_UNVERIFIED,5_ENGINE_CLOSE_NO_BROKER_FILL_CAPTURED,trade_close,user_3EE6nUFLlXYSfvjf46CdFFRRG4A
FETUSD,Coinbase,loop-u-user_3EE-1780692544159-pozb,close-u-user_3EE-1780692679135-lqar,ENGINE_SYNTHETIC,2026-06-05 20:49:04,2026-06-05 20:51:19,BUY,630.9,,0.2,0.2,0,0,STOP_LOSS,,CLOSED_UNVERIFIED,5_ENGINE_CLOSE_NO_BROKER_FILL_CAPTURED,trade_close,user_3EE6nUFLlXYSfvjf46CdFFRRG4A
NEARUSD,Kraken,OFL4SK-2C7BM-6JFIOE,,REAL_BROKER_ID,2026-06-05 17:40:09,2026-06-05 18:40:28,BUY,5.07872,,1.97,1.97,0,0,RECONCILED_INSUFFICIENT_FUNDS,ZOMBIE_INSUFFICIENT_FUNDS,RECONCILED,5_RECONCILED_ORPHAN_SYNTHETIC_CLOSE,trade_close,user_3E5J2pD3qcYrAHyvfY8uUiBy8cW
FETUSD,Coinbase,loop-u-user_3EE-1780683070299-09qn,close-u-user_3EE-1780684199744-tgxm,ENGINE_SYNTHETIC,2026-06-05 18:11:10,2026-06-05 18:30:00,BUY,644.9,,0.19,0.19,0,0,STOP_LOSS,,CLOSED_UNVERIFIED,5_ENGINE_CLOSE_NO_BROKER_FILL_CAPTURED,trade_close,user_3EE6nUFLlXYSfvjf46CdFFRRG4A
FETUSD,Coinbase,loop-u-user_3EE-1780683025575-nigt,close-u-user_3EE-1780684199743-a2l6,ENGINE_SYNTHETIC,2026-06-05 18:10:25,2026-06-05 18:30:00,BUY,643.6,,0.19,0.19,0,0,STOP_LOSS,,CLOSED_UNVERIFIED,5_ENGINE_CLOSE_NO_BROKER_FILL_CAPTURED,trade_close,user_3EE6nUFLlXYSfvjf46CdFFRRG4A
AVAXUSD,Kraken,OP25Y5-VF32A-O43IBQ,,REAL_BROKER_ID,2026-06-05 16:59:44,2026-06-05 18:00:07,BUY,0.7072136,,7.07,7.07,0,0,RECONCILED_INSUFFICIENT_FUNDS,ZOMBIE_INSUFFICIENT_FUNDS,RECONCILED,5_RECONCILED_ORPHAN_SYNTHETIC_CLOSE,trade_close,user_3E5J2pD3qcYrAHyvfY8uUiBy8cW
SUIUSD,Kraken,O665EO-LDOIV-ADUME7,,REAL_BROKER_ID,2026-06-04 17:53:21,2026-06-05 17:35:35,BUY,25.529741,,0.78,0.78,0,0,RECONCILED_CONNECTION_REMOVED,ZOMBIE_INSUFFICIENT_FUNDS,RECONCILED,5_RECONCILED_ORPHAN_SYNTHETIC_CLOSE,trade_close,user_3EE6nUFLlXYSfvjf46CdFFRRG4A
BCHUSD,Kraken,OZVPWQ-5NIIA-HFWN52,,REAL_BROKER_ID,2026-06-04 17:05:32,2026-06-05 17:35:35,BUY,0.08092252,,247.15,247.15,0,0,RECONCILED_CONNECTION_REMOVED,ZOMBIE_INSUFFICIENT_FUNDS,RECONCILED,5_RECONCILED_ORPHAN_SYNTHETIC_CLOSE,trade_close,user_3EE6nUFLlXYSfvjf46CdFFRRG4A
SUIUSD,Kraken,OD3WHL-CLCWY-2BXIJ4,,REAL_BROKER_ID,2026-06-04 17:54:18,2026-06-05 17:35:35,BUY,25.598362,,0.78,0.78,0,0,RECONCILED_CONNECTION_REMOVED,ZOMBIE_INSUFFICIENT_FUNDS,RECONCILED,5_RECONCILED_ORPHAN_SYNTHETIC_CLOSE,trade_close,user_3EE6nUFLlXYSfvjf46CdFFRRG4A
FETUSD,Coinbase,loop-u-user_3EE-1780676993674-r7fw,close-u-user_3EE-1780680598860-z86l,ENGINE_SYNTHETIC,2026-06-05 16:29:54,2026-06-05 17:29:59,BUY,650.7,,0.19,0.19,0,0,MAX_HOLD,,CLOSED_UNVERIFIED,5_ENGINE_CLOSE_NO_BROKER_FILL_CAPTURED,trade_close,user_3EE6nUFLlXYSfvjf46CdFFRRG4A
CRVUSD,Coinbase,loop-u-user_3EE-1780665476244-ymvg,close-u-user_3EE-1780665588258-izqt,ENGINE_SYNTHETIC,2026-06-05 13:17:56,2026-06-05 13:19:48,BUY,268.67,,0.19,0.19,0,0,STOP_LOSS,,CLOSED_UNVERIFIED,5_ENGINE_CLOSE_NO_BROKER_FILL_CAPTURED,trade_close,user_3EE6nUFLlXYSfvjf46CdFFRRG4A
DOTUSD,Coinbase,loop-u-user_3EE-1780661293198-d7yo,close-u-user_3EE-1780664896858-hkrp,ENGINE_SYNTHETIC,2026-06-05 12:08:14,2026-06-05 13:08:17,BUY,50.30181,,0.99,0.99,0,0,MAX_HOLD,,CLOSED_UNVERIFIED,5_ENGINE_CLOSE_NO_BROKER_FILL_CAPTURED,trade_close,user_3EE6nUFLlXYSfvjf46CdFFRRG4A
RNDRUSD,Coinbase,loop-u-user_3EE-1780659672888-yr1j,,ENGINE_SYNTHETIC,2026-06-05 11:41:13,2026-06-05 12:41:36,SELL,29.29,,1.71,1.71,0,0,RECONCILED_INSUFFICIENT_FUNDS,ZOMBIE_INSUFFICIENT_FUNDS,RECONCILED,5_RECONCILED_ORPHAN_SYNTHETIC_CLOSE,trade_close,user_3EE6nUFLlXYSfvjf46CdFFRRG4A
RNDRUSD,Coinbase,loop-u-user_3EE-1780658355905-jmhx,,ENGINE_SYNTHETIC,2026-06-05 11:19:16,2026-06-05 12:19:41,BUY,29.01,,1.72,1.72,0,0,RECONCILED_INSUFFICIENT_FUNDS,ZOMBIE_INSUFFICIENT_FUNDS,RECONCILED,5_RECONCILED_ORPHAN_SYNTHETIC_CLOSE,trade_close,user_3EE6nUFLlXYSfvjf46CdFFRRG4A
RNDRUSD,Coinbase,loop-u-user_3EE-1780658297497-l0zx,,ENGINE_SYNTHETIC,2026-06-05 11:18:17,2026-06-05 12:18:42,BUY,29.05,,1.73,1.73,0,0,RECONCILED_INSUFFICIENT_FUNDS,ZOMBIE_INSUFFICIENT_FUNDS,RECONCILED,5_RECONCILED_ORPHAN_SYNTHETIC_CLOSE,trade_close,user_3EE6nUFLlXYSfvjf46CdFFRRG4A
SUIUSD,Coinbase,loop-u-user_3EE-1780656308393-183h,,ENGINE_SYNTHETIC,2026-06-05 10:45:08,2026-06-05 11:45:29,BUY,69.5,,0.72,0.72,0,0,RECONCILED_INSUFFICIENT_FUNDS,ZOMBIE_INSUFFICIENT_FUNDS,RECONCILED,5_RECONCILED_ORPHAN_SYNTHETIC_CLOSE,trade_close,user_3EE6nUFLlXYSfvjf46CdFFRRG4A
SUIUSD,Kraken,OPJXDV-CYG25-RG7VH5,,REAL_BROKER_ID,2026-06-05 10:45:08,2026-06-05 11:45:28,BUY,13.904338,,0.72,0.72,0,0,RECONCILED_INSUFFICIENT_FUNDS,ZOMBIE_INSUFFICIENT_FUNDS,RECONCILED,5_RECONCILED_ORPHAN_SYNTHETIC_CLOSE,trade_close,user_3E5J2pD3qcYrAHyvfY8uUiBy8cW
AVAXUSD,Coinbase,loop-u-user_3EE-1780654747601-czvx,close-u-user_3EE-1780658353789-lcex,ENGINE_SYNTHETIC,2026-06-05 10:19:07,2026-06-05 11:19:14,SELL,3.4287043,,7.14,7.14,0,0,MAX_HOLD,,CLOSED_UNVERIFIED,5_ENGINE_CLOSE_NO_BROKER_FILL_CAPTURED,trade_close,user_3EE6nUFLlXYSfvjf46CdFFRRG4A
FETUSD,Coinbase,loop-u-user_3EE-1780650557491-5r26,close-u-user_3EE-1780654163490-5t5c,ENGINE_SYNTHETIC,2026-06-05 09:09:17,2026-06-05 10:09:23,BUY,247.8,,0.2,0.2,0,0,MAX_HOLD,,CLOSED_UNVERIFIED,5_ENGINE_CLOSE_NO_BROKER_FILL_CAPTURED,trade_close,user_3EE6nUFLlXYSfvjf46CdFFRRG4A
RNDRUSD,Coinbase,loop-u-user_3EE-1780650252092-l6rx,,ENGINE_SYNTHETIC,2026-06-05 09:04:12,2026-06-05 10:04:43,BUY,29,,1.72,1.72,0,0,RECONCILED_INSUFFICIENT_FUNDS,ZOMBIE_INSUFFICIENT_FUNDS,RECONCILED,5_RECONCILED_ORPHAN_SYNTHETIC_CLOSE,trade_close,user_3EE6nUFLlXYSfvjf46CdFFRRG4A
FETUSD,Coinbase,loop-u-user_3EE-1780650202590-r3su,close-u-user_3EE-1780653806776-ipow,ENGINE_SYNTHETIC,2026-06-05 09:03:22,2026-06-05 10:03:27,BUY,247.7,,0.2,0.2,0,0,MAX_HOLD,,CLOSED_UNVERIFIED,5_ENGINE_CLOSE_NO_BROKER_FILL_CAPTURED,trade_close,user_3EE6nUFLlXYSfvjf46CdFFRRG4A
FETUSD,Coinbase,loop-u-user_3EE-1780650133503-j4e0,close-u-user_3EE-1780653735916-ny2p,ENGINE_SYNTHETIC,2026-06-05 09:02:13,2026-06-05 10:02:16,BUY,248,,0.2,0.2,0,0,MAX_HOLD,,CLOSED_UNVERIFIED,5_ENGINE_CLOSE_NO_BROKER_FILL_CAPTURED,trade_close,user_3EE6nUFLlXYSfvjf46CdFFRRG4A
FETUSD,Coinbase,loop-u-user_3EE-1780650076191-42mu,close-u-user_3EE-1780653684288-t1td,ENGINE_SYNTHETIC,2026-06-05 09:01:16,2026-06-05 10:01:24,BUY,247.4,,0.2,0.2,0,0,MAX_HOLD,,CLOSED_UNVERIFIED,5_ENGINE_CLOSE_NO_BROKER_FILL_CAPTURED,trade_close,user_3EE6nUFLlXYSfvjf46CdFFRRG4A
ETCUSD,Kraken,OZSPSE-D25CC-2GCMTK,,REAL_BROKER_ID,2026-06-05 08:40:14,2026-06-05 09:40:33,SELL,1.4556041,,6.87,6.87,0,0,RECONCILED_INSUFFICIENT_FUNDS,ZOMBIE_INSUFFICIENT_FUNDS,RECONCILED,5_RECONCILED_ORPHAN_SYNTHETIC_CLOSE,trade_close,user_3E5J2pD3qcYrAHyvfY8uUiBy8cW
ETCUSD,Coinbase,loop-u-user_3EE-1780647856304-8nsg,,ENGINE_SYNTHETIC,2026-06-05 08:24:16,2026-06-05 09:24:43,SELL,7.256894,,6.89,6.89,0,0,RECONCILED_INSUFFICIENT_FUNDS,ZOMBIE_INSUFFICIENT_FUNDS,RECONCILED,5_RECONCILED_ORPHAN_SYNTHETIC_CLOSE,trade_close,user_3EE6nUFLlXYSfvjf46CdFFRRG4A
FETUSD,Coinbase,loop-u-user_3EE-1780650327695-6j6a,close-u-user_3EE-1780650430787-je9t,ENGINE_SYNTHETIC,2026-06-05 09:05:28,2026-06-05 09:07:11,SELL,248.8,,0.2,0.2,0,0,STOP_LOSS,,CLOSED_UNVERIFIED,5_ENGINE_CLOSE_NO_BROKER_FILL_CAPTURED,trade_close,user_3EE6nUFLlXYSfvjf46CdFFRRG4A
ETCUSD,Coinbase,loop-u-user_3EE-1780645871374-wa1q,,ENGINE_SYNTHETIC,2026-06-05 07:51:11,2026-06-05 08:51:28,BUY,7.163324,,6.98,6.98,0,0,RECONCILED_INSUFFICIENT_FUNDS,ZOMBIE_INSUFFICIENT_FUNDS,RECONCILED,5_RECONCILED_ORPHAN_SYNTHETIC_CLOSE,trade_close,user_3EE6nUFLlXYSfvjf46CdFFRRG4A
ETCUSD,Kraken,OVYXRG-GVDCO-7VI4PO,,REAL_BROKER_ID,2026-06-05 07:51:11,2026-06-05 08:51:26,BUY,1.4326648,,6.98,6.98,0,0,RECONCILED_INSUFFICIENT_FUNDS,ZOMBIE_INSUFFICIENT_FUNDS,RECONCILED,5_RECONCILED_ORPHAN_SYNTHETIC_CLOSE,trade_close,user_3E5J2pD3qcYrAHyvfY8uUiBy8cW
ETCUSD,Kraken,OKTQ3U-2JLQD-XC65UL,,REAL_BROKER_ID,2026-06-05 07:50:16,2026-06-05 08:50:46,BUY,1.4306152,,6.99,6.99,0,0,RECONCILED_INSUFFICIENT_FUNDS,ZOMBIE_INSUFFICIENT_FUNDS,RECONCILED,5_RECONCILED_ORPHAN_SYNTHETIC_CLOSE,trade_close,user_3E5J2pD3qcYrAHyvfY8uUiBy8cW
AVAXUSD,Coinbase,loop-u-user_3EE-1780645810190-wrrd,,ENGINE_SYNTHETIC,2026-06-05 07:50:10,2026-06-05 08:50:29,BUY,3.4246576,,7.3,7.3,0,0,RECONCILED_INSUFFICIENT_FUNDS,ZOMBIE_INSUFFICIENT_FUNDS,RECONCILED,5_RECONCILED_ORPHAN_SYNTHETIC_CLOSE,trade_close,user_3EE6nUFLlXYSfvjf46CdFFRRG4A
AVAXUSD,Coinbase,loop-u-user_3EE-1780645689396-2cud,,ENGINE_SYNTHETIC,2026-06-05 07:48:09,2026-06-05 08:48:37,BUY,3.4246576,,7.29,7.29,0,0,RECONCILED_INSUFFICIENT_FUNDS,ZOMBIE_INSUFFICIENT_FUNDS,RECONCILED,5_RECONCILED_ORPHAN_SYNTHETIC_CLOSE,trade_close,user_3EE6nUFLlXYSfvjf46CdFFRRG4A
ALGOUSD,Coinbase,loop-u-user_3EE-1780648223031-bk0r,close-u-user_3EE-1780648346346-8yis,ENGINE_SYNTHETIC,2026-06-05 08:30:23,2026-06-05 08:32:26,SELL,183.8,,0.09,0.09,0,0,STOP_LOSS,,CLOSED_UNVERIFIED,5_ENGINE_CLOSE_NO_BROKER_FILL_CAPTURED,trade_close,user_3EE6nUFLlXYSfvjf46CdFFRRG4A
ALGOUSD,Coinbase,loop-u-user_3EE-1780648223031-bk0r,close-u-user_3EE-1780648335573-8baa,ENGINE_SYNTHETIC,2026-06-05 08:30:23,2026-06-05 08:32:15,SELL,137.2,,0.09,0.09,0,0,STOP_LOSS_PARTIAL,,CLOSED_UNVERIFIED,3_PARTIAL_CLOSE_PNL_ZERO,trade_close,user_3EE6nUFLlXYSfvjf46CdFFRRG4A
ALGOUSD,Coinbase,loop-u-user_3EE-1780648223031-bk0r,close-u-user_3EE-1780648334093-38jn,ENGINE_SYNTHETIC,2026-06-05 08:30:23,2026-06-05 08:32:14,SELL,137.2,,0.09,0.09,0,0,STOP_LOSS_PARTIAL,,CLOSED_UNVERIFIED,3_PARTIAL_CLOSE_PNL_ZERO,trade_close,user_3EE6nUFLlXYSfvjf46CdFFRRG4A
ALGOUSD,Coinbase,loop-u-user_3EE-1780648223031-bk0r,close-u-user_3EE-1780648326191-nbg7,ENGINE_SYNTHETIC,2026-06-05 08:30:23,2026-06-05 08:32:06,SELL,68.6,,0.09,0.09,0,0,STOP_LOSS_PARTIAL,,CLOSED_UNVERIFIED,3_PARTIAL_CLOSE_PNL_ZERO,trade_close,user_3EE6nUFLlXYSfvjf46CdFFRRG4A
SANDUSD,Coinbase,loop-u-user_3EE-1780643002916-ztmc,close-u-user_3EE-1780646605622-y1et,ENGINE_SYNTHETIC,2026-06-05 07:03:23,2026-06-05 08:03:25,BUY,941.61,,0.05,0.05,0,0,MAX_HOLD,,CLOSED_UNVERIFIED,5_ENGINE_CLOSE_NO_BROKER_FILL_CAPTURED,trade_close,user_3EE6nUFLlXYSfvjf46CdFFRRG4A
ARBUSD,Coinbase,loop-u-user_3EE-1780642811882-qiw3,close-u-user_3EE-1780646415362-u0rr,ENGINE_SYNTHETIC,2026-06-05 07:00:12,2026-06-05 08:00:15,BUY,606.06,,0.08,0.08,0,0,MAX_HOLD,,CLOSED_UNVERIFIED,5_ENGINE_CLOSE_NO_BROKER_FILL_CAPTURED,trade_close,user_3EE6nUFLlXYSfvjf46CdFFRRG4A
RNDRUSD,Coinbase,loop-u-user_3EE-1780642704709-32ny,,ENGINE_SYNTHETIC,2026-06-05 06:58:25,2026-06-05 07:58:56,SELL,29,,1.72,1.72,0,0,RECONCILED_INSUFFICIENT_FUNDS,ZOMBIE_INSUFFICIENT_FUNDS,RECONCILED,5_RECONCILED_ORPHAN_SYNTHETIC_CLOSE,trade_close,user_3EE6nUFLlXYSfvjf46CdFFRRG4A
ARBUSD,Coinbase,loop-u-user_3EE-1780642091798-pmr3,close-u-user_3EE-1780645694786-0nvt,ENGINE_SYNTHETIC,2026-06-05 06:48:12,2026-06-05 07:48:15,BUY,606.06,,0.08,0.08,0,0,MAX_HOLD,,CLOSED_UNVERIFIED,5_ENGINE_CLOSE_NO_BROKER_FILL_CAPTURED,trade_close,user_3EE6nUFLlXYSfvjf46CdFFRRG4A
ARBUSD,Coinbase,loop-u-user_3EE-1780641968799-2mp0,close-u-user_3EE-1780645576490-rz1u,ENGINE_SYNTHETIC,2026-06-05 06:46:09,2026-06-05 07:46:16,BUY,606.79,,0.08,0.08,0,0,MAX_HOLD,,CLOSED_UNVERIFIED,5_ENGINE_CLOSE_NO_BROKER_FILL_CAPTURED,trade_close,user_3EE6nUFLlXYSfvjf46CdFFRRG4A
ARBUSD,Coinbase,loop-u-user_3EE-1780641909897-wm40,close-u-user_3EE-1780645514988-tdpk,ENGINE_SYNTHETIC,2026-06-05 06:45:10,2026-06-05 07:45:15,BUY,603.86,,0.08,0.08,0,0,MAX_HOLD,,CLOSED_UNVERIFIED,5_ENGINE_CLOSE_NO_BROKER_FILL_CAPTURED,trade_close,user_3EE6nUFLlXYSfvjf46CdFFRRG4A
XLMUSD,Coinbase,loop-u-user_3EE-1780643052476-sn3l,close-u-user_3EE-1780645454821-qxgr,ENGINE_SYNTHETIC,2026-06-05 07:04:12,2026-06-05 07:44:15,SELL,131.4019,,0.19,0.19,0,0,STOP_LOSS,,CLOSED_UNVERIFIED,5_ENGINE_CLOSE_NO_BROKER_FILL_CAPTURED,trade_close,user_3EE6nUFLlXYSfvjf46CdFFRRG4A
DOGEUSD,Coinbase,loop-u-user_3EE-1780641848588-0v3a,close-u-user_3EE-1780645451006-2qpc,ENGINE_SYNTHETIC,2026-06-05 06:44:09,2026-06-05 07:44:11,BUY,594.8,,0.08,0.08,0,0,MAX_HOLD,,CLOSED_UNVERIFIED,5_ENGINE_CLOSE_NO_BROKER_FILL_CAPTURED,trade_close,user_3EE6nUFLlXYSfvjf46CdFFRRG4A
XLMUSD,Coinbase,loop-u-user_3EE-1780643001800-ktyr,close-u-user_3EE-1780644808088-2lhc,ENGINE_SYNTHETIC,2026-06-05 07:03:22,2026-06-05 07:33:28,SELL,131.73703,,0.19,0.19,0,0,STOP_LOSS,,CLOSED_UNVERIFIED,5_ENGINE_CLOSE_NO_BROKER_FILL_CAPTURED,trade_close,user_3EE6nUFLlXYSfvjf46CdFFRRG4A
XLMUSD,Coinbase,loop-u-user_3EE-1780643233801-vbm8,close-u-user_3EE-1780644807908-9e2e,ENGINE_SYNTHETIC,2026-06-05 07:07:14,2026-06-05 07:33:28,SELL,132.29053,,0.19,0.19,0,0,STOP_LOSS,,CLOSED_UNVERIFIED,5_ENGINE_CLOSE_NO_BROKER_FILL_CAPTURED,trade_close,user_3EE6nUFLlXYSfvjf46CdFFRRG4A
XLMUSD,Coinbase,loop-u-user_3EE-1780641800398-vluy,close-u-user_3EE-1780642994431-9e6n,ENGINE_SYNTHETIC,2026-06-05 06:43:20,2026-06-05 07:03:14,BUY,128.4911,,0.19,0.19,0,0,STOP_LOSS,,CLOSED_UNVERIFIED,5_ENGINE_CLOSE_NO_BROKER_FILL_CAPTURED,trade_close,user_3EE6nUFLlXYSfvjf46CdFFRRG4A
XLMUSD,Coinbase,loop-u-user_3EE-1780642453610-2038,close-u-user_3EE-1780642565598-oc5h,ENGINE_SYNTHETIC,2026-06-05 06:54:13,2026-06-05 06:56:07,SELL,130.10805,,0.19,0.19,0,0,STOP_LOSS,,CLOSED_UNVERIFIED,5_ENGINE_CLOSE_NO_BROKER_FILL_CAPTURED,trade_close,user_3EE6nUFLlXYSfvjf46CdFFRRG4A
XLMUSD,Coinbase,loop-u-user_3EE-1780642395792-wwah,close-u-user_3EE-1780642504886-e6x3,ENGINE_SYNTHETIC,2026-06-05 06:53:16,2026-06-05 06:55:05,SELL,130.84483,,0.19,0.19,0,0,STOP_LOSS,,CLOSED_UNVERIFIED,5_ENGINE_CLOSE_NO_BROKER_FILL_CAPTURED,trade_close,user_3EE6nUFLlXYSfvjf46CdFFRRG4A
XLMUSD,Coinbase,loop-u-user_3EE-1780640835206-7qg2,close-u-user_3EE-1780640942546-qa82,ENGINE_SYNTHETIC,2026-06-05 06:27:15,2026-06-05 06:29:02,SELL,131.79745,,0.19,0.19,0,0,STOP_LOSS,,CLOSED_UNVERIFIED,5_ENGINE_CLOSE_NO_BROKER_FILL_CAPTURED,trade_close,user_3EE6nUFLlXYSfvjf46CdFFRRG4A
XLMUSD,Coinbase,loop-u-user_3EE-1780640710801-jls6,close-u-user_3EE-1780640892288-qxxa,ENGINE_SYNTHETIC,2026-06-05 06:25:11,2026-06-05 06:28:12,SELL,130.8825,,0.19,0.19,0,0,STOP_LOSS,,CLOSED_UNVERIFIED,5_ENGINE_CLOSE_NO_BROKER_FILL_CAPTURED,trade_close,user_3EE6nUFLlXYSfvjf46CdFFRRG4A
XLMUSD,Coinbase,loop-u-user_3EE-1780640775598-58o5,close-u-user_3EE-1780640883687-9xx0,ENGINE_SYNTHETIC,2026-06-05 06:26:15,2026-06-05 06:28:04,SELL,131.66002,,0.19,0.19,0,0,STOP_LOSS,,CLOSED_UNVERIFIED,5_ENGINE_CLOSE_NO_BROKER_FILL_CAPTURED,trade_close,user_3EE6nUFLlXYSfvjf46CdFFRRG4A
TONUSD,Kraken,ORFRNJ-VW5FN-22Y3CQ,,REAL_BROKER_ID,2026-06-05 03:46:11,2026-06-05 04:46:26,SELL,6.1087356,,1.64,1.64,0,0,RECONCILED_INSUFFICIENT_FUNDS,ZOMBIE_INSUFFICIENT_FUNDS,RECONCILED,5_RECONCILED_ORPHAN_SYNTHETIC_CLOSE,trade_close,user_3E5J2pD3qcYrAHyvfY8uUiBy8cW
TONUSD,Coinbase,loop-u-user_3EE-1780631112787-tqkh,,ENGINE_SYNTHETIC,2026-06-05 03:45:13,2026-06-05 04:45:36,SELL,30.52,,1.64,1.64,0,0,RECONCILED_INSUFFICIENT_FUNDS,ZOMBIE_INSUFFICIENT_FUNDS,RECONCILED,5_RECONCILED_ORPHAN_SYNTHETIC_CLOSE,trade_close,user_3EE6nUFLlXYSfvjf46CdFFRRG4A
TONUSD,Kraken,OHIRZP-YQURU-JW6CJU,,REAL_BROKER_ID,2026-06-05 03:45:13,2026-06-05 04:45:36,SELL,6.105006,,1.64,1.64,0,0,RECONCILED_INSUFFICIENT_FUNDS,ZOMBIE_INSUFFICIENT_FUNDS,RECONCILED,5_RECONCILED_ORPHAN_SYNTHETIC_CLOSE,trade_close,user_3E5J2pD3qcYrAHyvfY8uUiBy8cW
TONUSD,Coinbase,loop-u-user_3EE-1780630505019-ylhn,,ENGINE_SYNTHETIC,2026-06-05 03:35:05,2026-06-05 04:35:26,BUY,30.24,,1.65,1.65,0,0,RECONCILED_INSUFFICIENT_FUNDS,ZOMBIE_INSUFFICIENT_FUNDS,RECONCILED,5_RECONCILED_ORPHAN_SYNTHETIC_CLOSE,trade_close,user_3EE6nUFLlXYSfvjf46CdFFRRG4A
TONUSD,Kraken,OWUQ6B-3X5PZ-QE3EHY,,REAL_BROKER_ID,2026-06-05 03:35:05,2026-06-05 04:35:25,BUY,6.049607,,1.65,1.65,0,0,RECONCILED_INSUFFICIENT_FUNDS,ZOMBIE_INSUFFICIENT_FUNDS,RECONCILED,5_RECONCILED_ORPHAN_SYNTHETIC_CLOSE,trade_close,user_3E5J2pD3qcYrAHyvfY8uUiBy8cW
TONUSD,Kraken,OD52AK-OVFOH-OG7X7C,,REAL_BROKER_ID,2026-06-05 03:34:13,2026-06-05 04:34:35,BUY,6.0569353,,1.65,1.65,0,0,RECONCILED_INSUFFICIENT_FUNDS,ZOMBIE_INSUFFICIENT_FUNDS,RECONCILED,5_RECONCILED_ORPHAN_SYNTHETIC_CLOSE,trade_close,user_3E5J2pD3qcYrAHyvfY8uUiBy8cW
TONUSD,Coinbase,loop-u-user_3EE-1780630452811-hm25,close-u-user_3EE-1780634056168-lly7,ENGINE_SYNTHETIC,2026-06-05 03:34:13,2026-06-05 04:34:16,BUY,30.23,,1.65,1.65,0,0,MAX_HOLD,,CLOSED_UNVERIFIED,5_ENGINE_CLOSE_NO_BROKER_FILL_CAPTURED,trade_close,user_3EE6nUFLlXYSfvjf46CdFFRRG4A
SNXUSD,Coinbase,loop-u-user_3EE-1780630385420-00ro,close-u-user_3EE-1780633990001-b7s1,ENGINE_SYNTHETIC,2026-06-05 03:33:05,2026-06-05 04:33:10,BUY,196.85,,0.25,0.25,0,0,MAX_HOLD,,CLOSED_UNVERIFIED,5_ENGINE_CLOSE_NO_BROKER_FILL_CAPTURED,trade_close,user_3EE6nUFLlXYSfvjf46CdFFRRG4A
SNXUSD,Coinbase,loop-u-user_3EE-1780630330319-rvz7,close-u-user_3EE-1780633934358-6dol,ENGINE_SYNTHETIC,2026-06-05 03:32:10,2026-06-05 04:32:14,BUY,197.628,,0.25,0.25,0,0,MAX_HOLD,,CLOSED_UNVERIFIED,5_ENGINE_CLOSE_NO_BROKER_FILL_CAPTURED,trade_close,user_3EE6nUFLlXYSfvjf46CdFFRRG4A
AXSUSD,Coinbase,loop-u-user_3EE-1780629665225-qpbj,,ENGINE_SYNTHETIC,2026-06-05 03:21:05,2026-06-05 04:21:26,BUY,50.505,,0.99,0.99,0,0,RECONCILED_INSUFFICIENT_FUNDS,ZOMBIE_INSUFFICIENT_FUNDS,RECONCILED,5_RECONCILED_ORPHAN_SYNTHETIC_CLOSE,trade_close,user_3EE6nUFLlXYSfvjf46CdFFRRG4A
AXSUSD,Coinbase,loop-u-user_3EE-1780629617113-997u,close-u-user_3EE-1780633226187-attz,ENGINE_SYNTHETIC,2026-06-05 03:20:17,2026-06-05 04:20:26,BUY,50.197,,0.99,0.99,0,0,MAX_HOLD,,CLOSED_UNVERIFIED,5_ENGINE_CLOSE_NO_BROKER_FILL_CAPTURED,trade_close,user_3EE6nUFLlXYSfvjf46CdFFRRG4A
BCHUSD,Coinbase,loop-u-user_3EE-1780626308318-61tn,,ENGINE_SYNTHETIC,2026-06-05 02:25:08,2026-06-05 03:25:27,SELL,0.20504408,,243.85,243.85,0,0,RECONCILED_INSUFFICIENT_FUNDS,ZOMBIE_INSUFFICIENT_FUNDS,RECONCILED,5_RECONCILED_ORPHAN_SYNTHETIC_CLOSE,trade_close,user_3EE6nUFLlXYSfvjf46CdFFRRG4A
BCHUSD,Kraken,OS4CWK-FF3R6-6G7PFI,,REAL_BROKER_ID,2026-06-05 02:23:07,2026-06-05 03:23:26,SELL,0.04106102,,243.54,243.54,0,0,RECONCILED_INSUFFICIENT_FUNDS,ZOMBIE_INSUFFICIENT_FUNDS,RECONCILED,5_RECONCILED_ORPHAN_SYNTHETIC_CLOSE,trade_close,user_3E5J2pD3qcYrAHyvfY8uUiBy8cW
BCHUSD,Coinbase,loop-u-user_3EE-1780626013816-yr05,,ENGINE_SYNTHETIC,2026-06-05 02:20:14,2026-06-05 03:20:26,SELL,0.20536411,,243.61,243.61,0,0,RECONCILED_INSUFFICIENT_FUNDS,ZOMBIE_INSUFFICIENT_FUNDS,RECONCILED,5_RECONCILED_ORPHAN_SYNTHETIC_CLOSE,trade_close,user_3EE6nUFLlXYSfvjf46CdFFRRG4A
BCHUSD,Kraken,OLVUQU-W2Z33-IDQOWX,,REAL_BROKER_ID,2026-06-05 02:20:14,2026-06-05 03:20:26,SELL,0.04107282,,243.47,243.47,0,0,RECONCILED_INSUFFICIENT_FUNDS,ZOMBIE_INSUFFICIENT_FUNDS,RECONCILED,5_RECONCILED_ORPHAN_SYNTHETIC_CLOSE,trade_close,user_3E5J2pD3qcYrAHyvfY8uUiBy8cW
LDOUSD,Coinbase,loop-u-user_3EE-1780622653016-1cx4,close-u-user_3EE-1780626264068-8hk3,ENGINE_SYNTHETIC,2026-06-05 01:24:13,2026-06-05 02:24:24,BUY,183.82,,0.27,0.27,0,0,MAX_HOLD,,CLOSED_UNVERIFIED,5_ENGINE_CLOSE_NO_BROKER_FILL_CAPTURED,trade_close,user_3EE6nUFLlXYSfvjf46CdFFRRG4A
BCHUSD,Coinbase,loop-u-user_3EE-1780620007603-fy72,,ENGINE_SYNTHETIC,2026-06-05 00:40:08,2026-06-05 01:40:32,BUY,0.2041733,,245.05,245.05,0,0,RECONCILED_INSUFFICIENT_FUNDS,ZOMBIE_INSUFFICIENT_FUNDS,RECONCILED,5_RECONCILED_ORPHAN_SYNTHETIC_CLOSE,trade_close,user_3EE6nUFLlXYSfvjf46CdFFRRG4A
SUIUSD,Coinbase,loop-u-user_3EE-1780620010010-e43p,close-u-user_3EE-1780623623207-naf1,ENGINE_SYNTHETIC,2026-06-05 00:40:10,2026-06-05 01:40:23,BUY,65.3,,0.76,0.76,0,0,MAX_HOLD,,CLOSED_UNVERIFIED,5_ENGINE_CLOSE_NO_BROKER_FILL_CAPTURED,trade_close,user_3EE6nUFLlXYSfvjf46CdFFRRG4A
NEARUSD,Coinbase,loop-u-user_3EE-1780619405508-43ei,close-u-user_3EE-1780623011842-6i6z,ENGINE_SYNTHETIC,2026-06-05 00:30:05,2026-06-05 01:30:12,BUY,22.045,,2.27,2.27,0,0,MAX_HOLD,,CLOSED_UNVERIFIED,5_ENGINE_CLOSE_NO_BROKER_FILL_CAPTURED,trade_close,user_3EE6nUFLlXYSfvjf46CdFFRRG4A
BCHUSD,Coinbase,loop-u-user_3EE-1780618203711-dg9e,,ENGINE_SYNTHETIC,2026-06-05 00:10:04,2026-06-05 01:10:31,BUY,0.2040733,,245.01,245.01,0,0,RECONCILED_INSUFFICIENT_FUNDS,ZOMBIE_INSUFFICIENT_FUNDS,RECONCILED,5_RECONCILED_ORPHAN_SYNTHETIC_CLOSE,trade_close,user_3EE6nUFLlXYSfvjf46CdFFRRG4A
BCHUSD,Kraken,OJYMPX-WZNM6-RIFHVV,,REAL_BROKER_ID,2026-06-05 00:10:04,2026-06-05 01:10:31,BUY,0.04081466,,245.01,245.01,0,0,RECONCILED_INSUFFICIENT_FUNDS,ZOMBIE_INSUFFICIENT_FUNDS,RECONCILED,5_RECONCILED_ORPHAN_SYNTHETIC_CLOSE,trade_close,user_3E5J2pD3qcYrAHyvfY8uUiBy8cW
SUIUSD,Coinbase,loop-u-user_3EE-1780615807815-jmhg,,ENGINE_SYNTHETIC,2026-06-04 23:30:08,2026-06-05 00:30:20,SELL,65.8,,0.76,0.76,0,0,RECONCILED_INSUFFICIENT_FUNDS,ZOMBIE_INSUFFICIENT_FUNDS,RECONCILED,5_RECONCILED_ORPHAN_SYNTHETIC_CLOSE,trade_close,user_3EE6nUFLlXYSfvjf46CdFFRRG4A
SUIUSD,Kraken,OFW437-QXUHE-DSLWGL,,REAL_BROKER_ID,2026-06-04 23:30:08,2026-06-05 00:30:19,SELL,13.163091,,0.76,0.76,0,0,RECONCILED_INSUFFICIENT_FUNDS,ZOMBIE_INSUFFICIENT_FUNDS,RECONCILED,5_RECONCILED_ORPHAN_SYNTHETIC_CLOSE,trade_close,user_3E5J2pD3qcYrAHyvfY8uUiBy8cW
RNDRUSD,Coinbase,loop-u-user_3EE-1780614070209-nd0q,,ENGINE_SYNTHETIC,2026-06-04 23:01:10,2026-06-05 00:01:29,BUY,26.53,,1.88,1.88,0,0,RECONCILED_INSUFFICIENT_FUNDS,ZOMBIE_INSUFFICIENT_FUNDS,RECONCILED,5_RECONCILED_ORPHAN_SYNTHETIC_CLOSE,trade_close,user_3EE6nUFLlXYSfvjf46CdFFRRG4A
RNDRUSD,Coinbase,loop-u-user_3EE-1780614010627-3zfg,,ENGINE_SYNTHETIC,2026-06-04 23:00:11,2026-06-05 00:00:39,BUY,26.46,,1.89,1.89,0,0,RECONCILED_INSUFFICIENT_FUNDS,ZOMBIE_INSUFFICIENT_FUNDS,RECONCILED,5_RECONCILED_ORPHAN_SYNTHETIC_CLOSE,trade_close,user_3EE6nUFLlXYSfvjf46CdFFRRG4A
SUIUSD,Coinbase,loop-u-user_3EE-1780613943616-y0zz,,ENGINE_SYNTHETIC,2026-06-04 22:59:03,2026-06-04 23:59:29,BUY,65.2,,0.77,0.77,0,0,RECONCILED_INSUFFICIENT_FUNDS,ZOMBIE_INSUFFICIENT_FUNDS,RECONCILED,5_RECONCILED_ORPHAN_SYNTHETIC_CLOSE,trade_close,user_3EE6nUFLlXYSfvjf46CdFFRRG4A
SUIUSD,Kraken,OKYQZP-MZYLH-A3N3IR,O7JGCW-WZN5L-WIH6HH,REAL_BROKER_ID,2026-06-04 22:59:03,2026-06-04 23:59:29,BUY,13.051423,,0.77,0.77,0,0,RECONCILED_INSUFFICIENT_FUNDS,ZOMBIE_INSUFFICIENT_FUNDS,RECONCILED,5_RECONCILED_ORPHAN_SYNTHETIC_CLOSE,trade_close,user_3E5J2pD3qcYrAHyvfY8uUiBy8cW
SUIUSD,Coinbase,loop-u-user_3EE-1780613892019-sfjm,,ENGINE_SYNTHETIC,2026-06-04 22:58:12,2026-06-04 23:58:49,BUY,0.7,,0.77,0.77,0,0,RECONCILED_INSUFFICIENT_FUNDS,ZOMBIE_INSUFFICIENT_FUNDS,RECONCILED,5_RECONCILED_ORPHAN_SYNTHETIC_CLOSE,trade_close,user_3EE6nUFLlXYSfvjf46CdFFRRG4A
SUIUSD,Coinbase,loop-u-user_3EE-1780613892019-sfjm,close-u-user_3EE-1780617499847-f17c,ENGINE_SYNTHETIC,2026-06-04 22:58:12,2026-06-04 23:58:20,BUY,64.5,,0.77,0.77,0,0,MAX_HOLD_PARTIAL,,CLOSED_UNVERIFIED,3_PARTIAL_CLOSE_PNL_ZERO,trade_close,user_3EE6nUFLlXYSfvjf46CdFFRRG4A
CRVUSD,Coinbase,loop-u-user_3EE-1780611125019-ls3c,close-u-user_3EE-1780614727928-quki,ENGINE_SYNTHETIC,2026-06-04 22:12:05,2026-06-04 23:12:08,BUY,260.82,,0.19,0.19,0,0,MAX_HOLD,,CLOSED_UNVERIFIED,5_ENGINE_CLOSE_NO_BROKER_FILL_CAPTURED,trade_close,user_3EE6nUFLlXYSfvjf46CdFFRRG4A
CRVUSD,Coinbase,loop-u-user_3EE-1780611075967-lbxx,close-u-user_3EE-1780614678488-kjqn,ENGINE_SYNTHETIC,2026-06-04 22:11:16,2026-06-04 23:11:18,BUY,261.23,,0.19,0.19,0,0,MAX_HOLD,,CLOSED_UNVERIFIED,5_ENGINE_CLOSE_NO_BROKER_FILL_CAPTURED,trade_close,user_3EE6nUFLlXYSfvjf46CdFFRRG4A
ADAUSD,Coinbase,loop-u-user_3EE-1780610103912-1y1l,close-u-user_3EE-1780613707728-95qc,ENGINE_SYNTHETIC,2026-06-04 21:55:04,2026-06-04 22:55:08,BUY,275.78598,,0.18,0.18,0,0,MAX_HOLD,,CLOSED_UNVERIFIED,5_ENGINE_CLOSE_NO_BROKER_FILL_CAPTURED,trade_close,user_3EE6nUFLlXYSfvjf46CdFFRRG4A
ADAUSD,Coinbase,loop-u-user_3EE-1780609503107-ns8q,close-u-user_3EE-1780613107043-uqc7,ENGINE_SYNTHETIC,2026-06-04 21:45:03,2026-06-04 22:45:07,BUY,275.9382,,0.18,0.18,0,0,MAX_HOLD,,CLOSED_UNVERIFIED,5_ENGINE_CLOSE_NO_BROKER_FILL_CAPTURED,trade_close,user_3EE6nUFLlXYSfvjf46CdFFRRG4A
LTCUSD,Kraken,O2UDV5-6BI4O-W3N6DE,,REAL_BROKER_ID,2026-06-04 21:41:08,2026-06-04 22:41:26,SELL,0.22119,,45.21,45.21,0,0,RECONCILED_INSUFFICIENT_FUNDS,ZOMBIE_INSUFFICIENT_FUNDS,RECONCILED,5_RECONCILED_ORPHAN_SYNTHETIC_CLOSE,trade_close,user_3E5J2pD3qcYrAHyvfY8uUiBy8cW
ICPUSD,Kraken,OWYIBZ-WZUTW-M7ZQ7H,,REAL_BROKER_ID,2026-06-04 21:24:13,2026-06-04 22:24:35,SELL,3.6390102,,2.75,2.75,0,0,RECONCILED_INSUFFICIENT_FUNDS,ZOMBIE_INSUFFICIENT_FUNDS,RECONCILED,5_RECONCILED_ORPHAN_SYNTHETIC_CLOSE,trade_close,user_3E5J2pD3qcYrAHyvfY8uUiBy8cW
ICPUSD,Kraken,O6JWEN-KLE54-73R7GG,,REAL_BROKER_ID,2026-06-04 21:09:08,2026-06-04 22:09:24,BUY,3.5739815,,2.8,2.8,0,0,RECONCILED_INSUFFICIENT_FUNDS,ZOMBIE_INSUFFICIENT_FUNDS,RECONCILED,5_RECONCILED_ORPHAN_SYNTHETIC_CLOSE,trade_close,user_3E5J2pD3qcYrAHyvfY8uUiBy8cW
AXSUSD,Coinbase,loop-u-user_3EE-1780599518619-ucdv,close-u-user_3EE-1780603122006-hlqc,ENGINE_SYNTHETIC,2026-06-04 18:58:39,2026-06-04 19:58:42,BUY,47.801,,1.05,1.05,0,0,MAX_HOLD,,CLOSED_UNVERIFIED,5_ENGINE_CLOSE_NO_BROKER_FILL_CAPTURED,trade_close,user_3EE6nUFLlXYSfvjf46CdFFRRG4A
NEARUSD,Coinbase,loop-u-user_3EE-1780596615433-2e39,,ENGINE_SYNTHETIC,2026-06-04 18:10:15,2026-06-04 19:10:38,SELL,21.097,,2.37,2.37,0,0,RECONCILED_INSUFFICIENT_FUNDS,ZOMBIE_INSUFFICIENT_FUNDS,RECONCILED,5_RECONCILED_ORPHAN_SYNTHETIC_CLOSE,trade_close,user_3EE6nUFLlXYSfvjf46CdFFRRG4A
NEARUSD,Coinbase,loop-u-user_3EE-1780596196335-w8v9,,ENGINE_SYNTHETIC,2026-06-04 18:03:16,2026-06-04 19:03:43,BUY,20.483,,2.38,2.38,0,0,RECONCILED_INSUFFICIENT_FUNDS,ZOMBIE_INSUFFICIENT_FUNDS,RECONCILED,5_RECONCILED_ORPHAN_SYNTHETIC_CLOSE,trade_close,user_3EE6nUFLlXYSfvjf46CdFFRRG4A
SUIUSD,Coinbase,loop-u-user_3EE-1780595600318-5dhf,close-u-user_3EE-1780599202133-720k,ENGINE_SYNTHETIC,2026-06-04 17:53:21,2026-06-04 18:53:22,BUY,63.8,,0.78,0.78,0,0,MAX_HOLD,,CLOSED_UNVERIFIED,5_ENGINE_CLOSE_NO_BROKER_FILL_CAPTURED,trade_close,user_3EE6nUFLlXYSfvjf46CdFFRRG4A
TONUSD,Coinbase,loop-u-user_3EE-1780594171615-mo5l,,ENGINE_SYNTHETIC,2026-06-04 17:29:32,2026-06-04 18:30:02,SELL,28.9,,1.73,1.73,0,0,RECONCILED_INSUFFICIENT_FUNDS,ZOMBIE_INSUFFICIENT_FUNDS,RECONCILED,5_RECONCILED_ORPHAN_SYNTHETIC_CLOSE,trade_close,user_3EE6nUFLlXYSfvjf46CdFFRRG4A
TONUSD,Kraken,OWUU2S-EPRXI-WG4NBS,,REAL_BROKER_ID,2026-06-04 15:47:11,2026-06-04 16:47:34,SELL,5.6915197,,1.76,1.76,0,0,RECONCILED_INSUFFICIENT_FUNDS,ZOMBIE_INSUFFICIENT_FUNDS,RECONCILED,5_RECONCILED_ORPHAN_SYNTHETIC_CLOSE,trade_close,user_3E5J2pD3qcYrAHyvfY8uUiBy8cW
ATOMUSD,Coinbase,loop-u-user_3EE-1780579988271-i2gq,close-u-user_3EE-1780583592292-z4x4,ENGINE_SYNTHETIC,2026-06-04 13:33:09,2026-06-04 14:33:12,BUY,27.71,,1.8,1.8,0,0,MAX_HOLD,,CLOSED_UNVERIFIED,5_ENGINE_CLOSE_NO_BROKER_FILL_CAPTURED,trade_close,user_3EE6nUFLlXYSfvjf46CdFFRRG4A
AAVEUSD,Kraken,OMPZQY-3A2YH-4UBPGK,OMKLQZ-PUASS-6CPCQO,REAL_BROKER_ID,2026-06-04 12:29:15,2026-06-04 13:29:26,BUY,0.28058362,,71.28,71.28,0,0,MAX_HOLD,,CLOSED_UNVERIFIED,5_ENGINE_CLOSE_NO_BROKER_FILL_CAPTURED,trade_close,user_3EE6nUFLlXYSfvjf46CdFFRRG4A
TONUSD,Coinbase,loop-u-user_3EE-1780571316258-u0sv,,ENGINE_SYNTHETIC,2026-06-04 11:08:36,2026-06-04 12:09:02,BUY,29.05,,1.72,1.72,0,0,RECONCILED_INSUFFICIENT_FUNDS,ZOMBIE_INSUFFICIENT_FUNDS,RECONCILED,5_RECONCILED_ORPHAN_SYNTHETIC_CLOSE,trade_close,user_3EE6nUFLlXYSfvjf46CdFFRRG4A
TONUSD,Kraken,OQZIMY-2GK52-6N7RXA,OZCPBY-WJ7SI-44BUZS,REAL_BROKER_ID,2026-06-04 11:08:36,2026-06-04 12:09:02,BUY,5.8105755,,1.72,1.72,0,0,RECONCILED_INSUFFICIENT_FUNDS,ZOMBIE_INSUFFICIENT_FUNDS,RECONCILED,5_RECONCILED_ORPHAN_SYNTHETIC_CLOSE,trade_close,user_3E5J2pD3qcYrAHyvfY8uUiBy8cW
AXSUSD,Kraken,OO5FQQ-EBACN-7PKYDS,OZB5FV-CZYBW-SO56FF,REAL_BROKER_ID,2026-06-04 10:35:05,2026-06-04 11:35:06,BUY,9.99001,,1,1,0,0,MAX_HOLD,,CLOSED_UNVERIFIED,5_ENGINE_CLOSE_NO_BROKER_FILL_CAPTURED,trade_close,user_3E5J2pD3qcYrAHyvfY8uUiBy8cW
AXSUSD,Coinbase,loop-u-user_3EE-1780569305311-3rt3,close-u-user_3EE-1780572906392-6gup,ENGINE_SYNTHETIC,2026-06-04 10:35:05,2026-06-04 11:35:06,BUY,49.95,,1,1,0,0,MAX_HOLD,,CLOSED_UNVERIFIED,5_ENGINE_CLOSE_NO_BROKER_FILL_CAPTURED,trade_close,user_3EE6nUFLlXYSfvjf46CdFFRRG4A
AXSUSD,Kraken,OP6G2T-O4RC5-PMKREA,O6YVYQ-HXC5Q-HYK2GA,REAL_BROKER_ID,2026-06-04 10:35:05,2026-06-04 11:35:06,BUY,19.98002,,1,1,0,0,MAX_HOLD,,CLOSED_UNVERIFIED,5_ENGINE_CLOSE_NO_BROKER_FILL_CAPTURED,trade_close,user_3EE6nUFLlXYSfvjf46CdFFRRG4A
FETUSD,Coinbase,loop-u-user_3EE-1780567211503-z3p3,close-u-user_3EE-1780567482199-vnvg,ENGINE_SYNTHETIC,2026-06-04 10:00:12,2026-06-04 10:04:43,BUY,216.8,,0.23,0.23,0,0,STOP_LOSS,,CLOSED_UNVERIFIED,5_ENGINE_CLOSE_NO_BROKER_FILL_CAPTURED,trade_close,user_3EE6nUFLlXYSfvjf46CdFFRRG4A
LDOUSD,Coinbase,loop-u-user_3EE-1780559818407-7x9g,close-u-user_3EE-1780563419408-h4vk,ENGINE_SYNTHETIC,2026-06-04 07:56:58,2026-06-04 08:57:00,BUY,176.67,,0.28,0.28,0,0,MAX_HOLD,,CLOSED_UNVERIFIED,5_ENGINE_CLOSE_NO_BROKER_FILL_CAPTURED,trade_close,user_3EE6nUFLlXYSfvjf46CdFFRRG4A
LDOUSD,Coinbase,loop-u-user_3EE-1780559760709-fhmt,close-u-user_3EE-1780563362803-jdzw,ENGINE_SYNTHETIC,2026-06-04 07:56:01,2026-06-04 08:56:03,BUY,176.67,,0.28,0.28,0,0,MAX_HOLD,,CLOSED_UNVERIFIED,5_ENGINE_CLOSE_NO_BROKER_FILL_CAPTURED,trade_close,user_3EE6nUFLlXYSfvjf46CdFFRRG4A
LDOUSD,Coinbase,loop-u-user_3EE-1780559708564-tpt5,close-u-user_3EE-1780563310002-486t,ENGINE_SYNTHETIC,2026-06-04 07:55:09,2026-06-04 08:55:10,BUY,176.67,,0.28,0.28,0,0,MAX_HOLD,,CLOSED_UNVERIFIED,5_ENGINE_CLOSE_NO_BROKER_FILL_CAPTURED,trade_close,user_3EE6nUFLlXYSfvjf46CdFFRRG4A
LDOUSD,Coinbase,loop-u-user_3EE-1780559640711-8heh,close-u-user_3EE-1780563249903-4fs9,ENGINE_SYNTHETIC,2026-06-04 07:54:01,2026-06-04 08:54:11,BUY,176.67,,0.28,0.28,0,0,MAX_HOLD,,CLOSED_UNVERIFIED,5_ENGINE_CLOSE_NO_BROKER_FILL_CAPTURED,trade_close,user_3EE6nUFLlXYSfvjf46CdFFRRG4A
COMPUSD,Kraken,OAOOB7-Q5PSM-LGULQ3,,REAL_BROKER_ID,2026-06-04 07:37:56,2026-06-04 08:38:15,SELL,1.1173184,,17.9,17.9,0,0,RECONCILED_INSUFFICIENT_FUNDS,ZOMBIE_INSUFFICIENT_FUNDS,RECONCILED,5_RECONCILED_ORPHAN_SYNTHETIC_CLOSE,trade_close,user_3EE6nUFLlXYSfvjf46CdFFRRG4A
COMPUSD,Kraken,OWBALN-ZB45R-JYCVAK,,REAL_BROKER_ID,2026-06-04 07:36:59,2026-06-04 08:37:20,SELL,1.1142061,,17.95,17.95,0,0,RECONCILED_INSUFFICIENT_FUNDS,ZOMBIE_INSUFFICIENT_FUNDS,RECONCILED,5_RECONCILED_ORPHAN_SYNTHETIC_CLOSE,trade_close,user_3EE6nUFLlXYSfvjf46CdFFRRG4A
COMPUSD,Kraken,OQXRHW-567UM-AUHT2Y,,REAL_BROKER_ID,2026-06-04 06:57:02,2026-06-04 07:57:27,BUY,1.10011,,18.18,18.18,0,0,RECONCILED_INSUFFICIENT_FUNDS,ZOMBIE_INSUFFICIENT_FUNDS,RECONCILED,5_RECONCILED_ORPHAN_SYNTHETIC_CLOSE,trade_close,user_3EE6nUFLlXYSfvjf46CdFFRRG4A
COMPUSD,Kraken,O5P4JW-SIGOP-5B2QMY,,REAL_BROKER_ID,2026-06-04 06:55:56,2026-06-04 07:56:07,BUY,1.0989012,,18.2,18.2,0,0,RECONCILED_INSUFFICIENT_FUNDS,ZOMBIE_INSUFFICIENT_FUNDS,RECONCILED,5_RECONCILED_ORPHAN_SYNTHETIC_CLOSE,trade_close,user_3EE6nUFLlXYSfvjf46CdFFRRG4A
COMPUSD,Kraken,OGPGCC-4YVAS-XVW7N5,,REAL_BROKER_ID,2026-06-04 06:55:01,2026-06-04 07:55:17,BUY,1.0995052,,18.19,18.19,0,0,RECONCILED_INSUFFICIENT_FUNDS,ZOMBIE_INSUFFICIENT_FUNDS,RECONCILED,5_RECONCILED_ORPHAN_SYNTHETIC_CLOSE,trade_close,user_3EE6nUFLlXYSfvjf46CdFFRRG4A
SUIUSD,Coinbase,loop-u-user_3EE-1780551885811-bily,close-u-user_3EE-1780555751408-p2i1,ENGINE_SYNTHETIC,2026-06-04 05:44:46,2026-06-04 06:49:12,BUY,62.4,,0.8,0.8,0,0,MAX_HOLD,,CLOSED_UNVERIFIED,5_ENGINE_CLOSE_NO_BROKER_FILL_CAPTURED,trade_close,user_3EE6nUFLlXYSfvjf46CdFFRRG4A
SUIUSD,Coinbase,loop-u-user_3EE-1780551833404-uiur,close-u-user_3EE-1780555743897-kn64,ENGINE_SYNTHETIC,2026-06-04 05:43:54,2026-06-04 06:49:07,BUY,62.3,,0.8,0.8,0,0,MAX_HOLD,,CLOSED_UNVERIFIED,5_ENGINE_CLOSE_NO_BROKER_FILL_CAPTURED,trade_close,user_3EE6nUFLlXYSfvjf46CdFFRRG4A
SUIUSD,Coinbase,loop-u-user_3EE-1780552133404-wswj,close-u-user_3EE-1780555744403-hfn7,ENGINE_SYNTHETIC,2026-06-04 05:48:53,2026-06-04 06:49:06,SELL,62.6,,0.8,0.8,0,0,MAX_HOLD,,CLOSED_UNVERIFIED,5_ENGINE_CLOSE_NO_BROKER_FILL_CAPTURED,trade_close,user_3EE6nUFLlXYSfvjf46CdFFRRG4A
ALGOUSD,Coinbase,loop-u-user_3EE-1780551534497-hxl4,close-u-user_3EE-1780551640007-cugf,ENGINE_SYNTHETIC,2026-06-04 05:38:54,2026-06-04 05:40:42,SELL,478,,0.1,0.1,0,0,STOP_LOSS,,CLOSED_UNVERIFIED,5_ENGINE_CLOSE_NO_BROKER_FILL_CAPTURED,trade_close,user_3EE6nUFLlXYSfvjf46CdFFRRG4A
LTCUSD,Kraken,O5IZJL-OKXCR-MAGQ7Z,,REAL_BROKER_ID,2026-06-04 04:25:45,2026-06-04 05:26:07,BUY,0.21344717,,46.85,46.85,0,0,RECONCILED_INSUFFICIENT_FUNDS,ZOMBIE_INSUFFICIENT_FUNDS,RECONCILED,5_RECONCILED_ORPHAN_SYNTHETIC_CLOSE,trade_close,user_3E5J2pD3qcYrAHyvfY8uUiBy8cW
LTCUSD,Kraken,OH35HG-A4H4M-DSIED2,,REAL_BROKER_ID,2026-06-04 04:24:50,2026-06-04 05:25:20,BUY,0.21331058,,46.88,46.88,0,0,RECONCILED_INSUFFICIENT_FUNDS,ZOMBIE_INSUFFICIENT_FUNDS,RECONCILED,5_RECONCILED_ORPHAN_SYNTHETIC_CLOSE,trade_close,user_3E5J2pD3qcYrAHyvfY8uUiBy8cW
ALGOUSD,Coinbase,loop-u-user_3EE-1780550397210-96ls,close-u-user_3EE-1780550498903-tvbq,ENGINE_SYNTHETIC,2026-06-04 05:19:57,2026-06-04 05:21:39,SELL,478.9,,0.1,0.1,0,0,STOP_LOSS,,CLOSED_UNVERIFIED,5_ENGINE_CLOSE_NO_BROKER_FILL_CAPTURED,trade_close,user_3EE6nUFLlXYSfvjf46CdFFRRG4A
ALGOUSD,Kraken,O33DDQ-GFHAJ-OS4DFL,OIMBPB-3TFB4-6DXFOY,REAL_BROKER_ID,2026-06-04 02:27:40,2026-06-04 05:20:19,BUY,192.49278,,0.1,0.1,0,0,RECONCILED_INSUFFICIENT_FUNDS,ZOMBIE_INSUFFICIENT_FUNDS,RECONCILED,5_RECONCILED_ORPHAN_SYNTHETIC_CLOSE,trade_close,user_3EE6nUFLlXYSfvjf46CdFFRRG4A
HBARUSD,Coinbase,loop-u-user_3EE-1780544058374-eltm,close-u-user_3EE-1780544160001-8qyx,ENGINE_SYNTHETIC,2026-06-04 03:34:18,2026-06-04 03:36:00,BUY,583.2,,0.09,0.09,0,0,STOP_LOSS,,CLOSED_UNVERIFIED,5_ENGINE_CLOSE_NO_BROKER_FILL_CAPTURED,trade_close,user_3EE6nUFLlXYSfvjf46CdFFRRG4A
DOTUSD,Kraken,OQ25NL-FBJ4B-NQX5RJ,,REAL_BROKER_ID,2026-06-03 23:35:05,2026-06-04 03:35:09,SELL,18.083183,,1.11,1.11,0,0,RECONCILED_INSUFFICIENT_FUNDS,ZOMBIE_INSUFFICIENT_FUNDS,RECONCILED,5_RECONCILED_ORPHAN_SYNTHETIC_CLOSE,trade_close,user_3EE6nUFLlXYSfvjf46CdFFRRG4A
XLMUSD,Coinbase,loop-u-user_3EE-1780538677040-ooo4,close-u-user_3EE-1780538782143-j0ch,ENGINE_SYNTHETIC,2026-06-04 02:04:37,2026-06-04 02:06:23,SELL,125.63067,,0.2,0.2,0,0,STOP_LOSS,,CLOSED_UNVERIFIED,5_ENGINE_CLOSE_NO_BROKER_FILL_CAPTURED,trade_close,user_3EE6nUFLlXYSfvjf46CdFFRRG4A
ICPUSD,Kraken,O36GM2-6I5ZK-J2BSSW,OTZEGJ-W4QDH-Y2RRUI,REAL_BROKER_ID,2026-06-03 01:54:10,2026-06-03 23:59:53,BUY,6.453695,,3.1,3.1,0,0,RECONCILED_INSUFFICIENT_FUNDS,ZOMBIE_INSUFFICIENT_FUNDS,RECONCILED,5_RECONCILED_ORPHAN_SYNTHETIC_CLOSE,trade_close,user_3EE6nUFLlXYSfvjf46CdFFRRG4A
TONUSD,Coinbase,loop-u-user_3EE-1780447315477-jwvl,,ENGINE_SYNTHETIC,2026-06-03 00:41:55,2026-06-03 23:42:03,BUY,9.97,,2,2,0,0,RECONCILED_INSUFFICIENT_FUNDS,ZOMBIE_INSUFFICIENT_FUNDS,RECONCILED,5_RECONCILED_ORPHAN_SYNTHETIC_CLOSE,trade_close,user_3EE6nUFLlXYSfvjf46CdFFRRG4A
DOTUSD,Kraken,OMSMWT-NONVJ-NWFEYD,OQ25NL-FBJ4B-NQX5RJ,REAL_BROKER_ID,2026-06-02 19:58:22,2026-06-03 23:35:18,BUY,18.14882,,1.1,1.1,0,0,RECONCILED_INSUFFICIENT_FUNDS,ZOMBIE_INSUFFICIENT_FUNDS,RECONCILED,5_RECONCILED_ORPHAN_SYNTHETIC_CLOSE,trade_close,user_3EE6nUFLlXYSfvjf46CdFFRRG4A
XLMUSD,Coinbase,loop-u-user_3EE-1780325678306-afou,,ENGINE_SYNTHETIC,2026-06-01 14:54:38,2026-06-03 22:18:03,SELL,1e-08,,0.25,0.25,0,0,RECONCILED_INSUFFICIENT_FUNDS,ZOMBIE_INSUFFICIENT_FUNDS,RECONCILED,5_RECONCILED_ORPHAN_SYNTHETIC_CLOSE,trade_close,user_3EE6nUFLlXYSfvjf46CdFFRRG4A
XLMUSD,Coinbase,loop-u-user_3EE-1780303735668-dig0,,ENGINE_SYNTHETIC,2026-06-01 08:48:56,2026-06-03 22:18:02,SELL,1e-08,,0.25,0.25,0,0,RECONCILED_INSUFFICIENT_FUNDS,ZOMBIE_INSUFFICIENT_FUNDS,RECONCILED,5_RECONCILED_ORPHAN_SYNTHETIC_CLOSE,trade_close,user_3EE6nUFLlXYSfvjf46CdFFRRG4A
XLMUSD,Coinbase,loop-u-user_3EE-1780257856066-x4a8,,ENGINE_SYNTHETIC,2026-05-31 20:04:16,2026-06-03 22:18:02,SELL,1e-08,,0.24,0.24,0,0,RECONCILED_INSUFFICIENT_FUNDS,ZOMBIE_INSUFFICIENT_FUNDS,RECONCILED,5_RECONCILED_ORPHAN_SYNTHETIC_CLOSE,trade_close,user_3EE6nUFLlXYSfvjf46CdFFRRG4A
XLMUSD,Coinbase,loop-u-user_3EE-1780257805057-uu3u,,ENGINE_SYNTHETIC,2026-05-31 20:03:25,2026-06-03 22:18:02,SELL,1e-08,,0.24,0.24,0,0,RECONCILED_INSUFFICIENT_FUNDS,ZOMBIE_INSUFFICIENT_FUNDS,RECONCILED,5_RECONCILED_ORPHAN_SYNTHETIC_CLOSE,trade_close,user_3EE6nUFLlXYSfvjf46CdFFRRG4A
XLMUSD,Coinbase,loop-u-user_3EE-1780217901939-znbq,,ENGINE_SYNTHETIC,2026-05-31 08:58:23,2026-06-03 22:18:01,BUY,1e-08,,0.24,0.24,0,0,RECONCILED_INSUFFICIENT_FUNDS,ZOMBIE_INSUFFICIENT_FUNDS,RECONCILED,5_RECONCILED_ORPHAN_SYNTHETIC_CLOSE,trade_close,user_3EE6nUFLlXYSfvjf46CdFFRRG4A
DOGEUSD,Coinbase,loop-u-user_3EE-1780427828240-pwot,close-u-user_3EE-1780514233366-tlhb,ENGINE_SYNTHETIC,2026-06-02 19:17:08,2026-06-03 19:17:15,BUY,212.3,,0.09,0.09,0,0,MAX_HOLD,,CLOSED_UNVERIFIED,5_ENGINE_CLOSE_NO_BROKER_FILL_CAPTURED,trade_close,user_3EE6nUFLlXYSfvjf46CdFFRRG4A
DOGEUSD,Coinbase,loop-u-user_3EE-1780427771642-fx7q,close-u-user_3EE-1780514184269-qmi5,ENGINE_SYNTHETIC,2026-06-02 19:16:13,2026-06-03 19:16:26,BUY,211.9,,0.09,0.09,0,0,MAX_HOLD,,CLOSED_UNVERIFIED,5_ENGINE_CLOSE_NO_BROKER_FILL_CAPTURED,trade_close,user_3EE6nUFLlXYSfvjf46CdFFRRG4A
BTCUSD,Coinbase,loop-u-user_3EE-1780418388355-g4b1,,ENGINE_SYNTHETIC,2026-06-02 16:39:48,2026-06-03 16:40:20,SELL,0.00029638,,67481.78,67481.78,0,0,RECONCILED_INSUFFICIENT_FUNDS,ZOMBIE_INSUFFICIENT_FUNDS,RECONCILED,5_RECONCILED_ORPHAN_SYNTHETIC_CLOSE,trade_close,user_3EE6nUFLlXYSfvjf46CdFFRRG4A
BTCUSD,Coinbase,loop-u-user_3EE-1780418328351-6m7a,,ENGINE_SYNTHETIC,2026-06-02 16:38:49,2026-06-03 16:39:20,SELL,0.00029647,,67461.94,67461.94,0,0,RECONCILED_INSUFFICIENT_FUNDS,ZOMBIE_INSUFFICIENT_FUNDS,RECONCILED,5_RECONCILED_ORPHAN_SYNTHETIC_CLOSE,trade_close,user_3EE6nUFLlXYSfvjf46CdFFRRG4A
XLMUSD,Coinbase,loop-u-user_3EE-1780470222657-yilz,close-u-user_3EE-1780489625561-gfet,ENGINE_SYNTHETIC,2026-06-03 07:03:42,2026-06-03 12:27:07,SELL,44.157127,,0.23,0.23,0,0,STOP_LOSS,,CLOSED_UNVERIFIED,5_ENGINE_CLOSE_NO_BROKER_FILL_CAPTURED,trade_close,user_3EE6nUFLlXYSfvjf46CdFFRRG4A
XLMUSD,Coinbase,loop-u-user_3EE-1780470286363-izu6,close-u-user_3EE-1780489625668-5c43,ENGINE_SYNTHETIC,2026-06-03 07:04:46,2026-06-03 12:27:07,SELL,44.266983,,0.23,0.23,0,0,STOP_LOSS,,CLOSED_UNVERIFIED,5_ENGINE_CLOSE_NO_BROKER_FILL_CAPTURED,trade_close,user_3EE6nUFLlXYSfvjf46CdFFRRG4A
XLMUSD,Coinbase,loop-u-user_3EE-1780470338775-2ajr,close-u-user_3EE-1780489623968-xmew,ENGINE_SYNTHETIC,2026-06-03 07:05:40,2026-06-03 12:27:06,SELL,44.044327,,0.23,0.23,0,0,STOP_LOSS,,CLOSED_UNVERIFIED,5_ENGINE_CLOSE_NO_BROKER_FILL_CAPTURED,trade_close,user_3EE6nUFLlXYSfvjf46CdFFRRG4A
ALGOUSD,Coinbase,loop-u-user_3EE-1780431861739-g7uf,close-u-user_3EE-1780431973348-5t17,ENGINE_SYNTHETIC,2026-06-02 20:24:23,2026-06-02 20:26:15,SELL,175.5,,0.11,0.11,0,0,STOP_LOSS,,CLOSED_UNVERIFIED,5_ENGINE_CLOSE_NO_BROKER_FILL_CAPTURED,trade_close,user_3EE6nUFLlXYSfvjf46CdFFRRG4A
ALGOUSD,Coinbase,loop-u-user_3EE-1780431805735-bfg6,close-u-user_3EE-1780431913046-5itd,ENGINE_SYNTHETIC,2026-06-02 20:23:26,2026-06-02 20:25:13,SELL,175.7,,0.11,0.11,0,0,STOP_LOSS,,CLOSED_UNVERIFIED,5_ENGINE_CLOSE_NO_BROKER_FILL_CAPTURED,trade_close,user_3EE6nUFLlXYSfvjf46CdFFRRG4A
ALGOUSD,Coinbase,loop-u-user_3EE-1780431750157-wruv,close-u-user_3EE-1780431853543-hljt,ENGINE_SYNTHETIC,2026-06-02 20:22:30,2026-06-02 20:24:14,SELL,175.4,,0.11,0.11,0,0,STOP_LOSS,,CLOSED_UNVERIFIED,5_ENGINE_CLOSE_NO_BROKER_FILL_CAPTURED,trade_close,user_3EE6nUFLlXYSfvjf46CdFFRRG4A
ALGOUSD,Coinbase,loop-u-user_3EE-1780431681539-4t52,close-u-user_3EE-1780431793042-jnn9,ENGINE_SYNTHETIC,2026-06-02 20:21:23,2026-06-02 20:23:14,SELL,175.2,,0.11,0.11,0,0,STOP_LOSS,,CLOSED_UNVERIFIED,5_ENGINE_CLOSE_NO_BROKER_FILL_CAPTURED,trade_close,user_3EE6nUFLlXYSfvjf46CdFFRRG4A
DOGEUSD,Coinbase,loop-u-user_3EE-1780428068238-gwow,close-u-user_3EE-1780428174742-h0se,ENGINE_SYNTHETIC,2026-06-02 19:21:08,2026-06-02 19:22:55,SELL,213.1,,0.09,0.09,0,0,STOP_LOSS,,CLOSED_UNVERIFIED,5_ENGINE_CLOSE_NO_BROKER_FILL_CAPTURED,trade_close,user_3EE6nUFLlXYSfvjf46CdFFRRG4A
BCHUSD,Kraken,OBX5UL-GV7V5-6BQEOG,,REAL_BROKER_ID,2026-06-01 16:54:49,2026-06-02 16:55:10,BUY,0.06942034,,288.1,288.1,0,0,RECONCILED_INSUFFICIENT_FUNDS,ZOMBIE_INSUFFICIENT_FUNDS,RECONCILED,5_RECONCILED_ORPHAN_SYNTHETIC_CLOSE,trade_close,user_3EE6nUFLlXYSfvjf46CdFFRRG4A
BCHUSD,Kraken,OCVIZW-X5M7P-ZZBNYE,,REAL_BROKER_ID,2026-06-01 16:54:49,2026-06-02 16:55:09,BUY,0.03471017,,288.1,288.1,0,0,RECONCILED_INSUFFICIENT_FUNDS,ZOMBIE_INSUFFICIENT_FUNDS,RECONCILED,5_RECONCILED_ORPHAN_SYNTHETIC_CLOSE,trade_close,user_3E5J2pD3qcYrAHyvfY8uUiBy8cW
BCHUSD,Kraken,OCSH2D-PXF46-HLPALO,,REAL_BROKER_ID,2026-06-01 15:31:48,2026-06-02 16:29:10,BUY,0.07018036,,284.98,284.98,0,0,RECONCILED_INSUFFICIENT_FUNDS,ZOMBIE_INSUFFICIENT_FUNDS,RECONCILED,5_RECONCILED_ORPHAN_SYNTHETIC_CLOSE,trade_close,user_3EE6nUFLlXYSfvjf46CdFFRRG4A
XLMUSD,Coinbase,loop-u-user_3EE-1780413047684-1jbi,close-u-user_3EE-1780415027586-dix5,ENGINE_SYNTHETIC,2026-06-02 15:10:48,2026-06-02 15:43:50,SELL,45.666687,,0.22,0.22,0,0,STOP_LOSS,,CLOSED_UNVERIFIED,5_ENGINE_CLOSE_NO_BROKER_FILL_CAPTURED,trade_close,user_3EE6nUFLlXYSfvjf46CdFFRRG4A
XLMUSD,Coinbase,loop-u-user_3EE-1780412999088-iic9,close-u-user_3EE-1780415027289-3kgc,ENGINE_SYNTHETIC,2026-06-02 15:09:59,2026-06-02 15:43:50,SELL,45.69966,,0.22,0.22,0,0,STOP_LOSS,,CLOSED_UNVERIFIED,5_ENGINE_CLOSE_NO_BROKER_FILL_CAPTURED,trade_close,user_3EE6nUFLlXYSfvjf46CdFFRRG4A
AVAXUSD,Kraken,OAUJAJ-QYAUP-ZPA2P4,,REAL_BROKER_ID,2026-05-31 18:44:55,2026-06-02 14:40:15,BUY,1.1299435,,8.85,8.85,0,0,RECONCILED_INSUFFICIENT_FUNDS,ZOMBIE_INSUFFICIENT_FUNDS,RECONCILED,5_RECONCILED_ORPHAN_SYNTHETIC_CLOSE,trade_close,user_3E5J2pD3qcYrAHyvfY8uUiBy8cW
AVAXUSD,Kraken,OZ6RXX-XHQZI-VU6WZU,,REAL_BROKER_ID,2026-05-31 18:44:55,2026-06-02 14:40:15,BUY,1.1299435,,8.85,8.85,0,0,RECONCILED_INSUFFICIENT_FUNDS,ZOMBIE_INSUFFICIENT_FUNDS,RECONCILED,5_RECONCILED_ORPHAN_SYNTHETIC_CLOSE,trade_close,user_3EE6nUFLlXYSfvjf46CdFFRRG4A
XLMUSD,Coinbase,loop-u-user_3EE-1780379068537-sgqc,close-u-user_3EE-1780379197037-n1kl,ENGINE_SYNTHETIC,2026-06-02 05:44:28,2026-06-02 05:46:37,SELL,43.514587,,0.23,0.23,0,0,STOP_LOSS,,CLOSED_UNVERIFIED,5_ENGINE_CLOSE_NO_BROKER_FILL_CAPTURED,trade_close,user_3EE6nUFLlXYSfvjf46CdFFRRG4A
XLMUSD,Coinbase,loop-u-user_3EE-1780379015004-rqyj,close-u-user_3EE-1780379145735-esiz,ENGINE_SYNTHETIC,2026-06-02 05:43:36,2026-06-02 05:45:47,SELL,43.521404,,0.23,0.23,0,0,STOP_LOSS,,CLOSED_UNVERIFIED,5_ENGINE_CLOSE_NO_BROKER_FILL_CAPTURED,trade_close,user_3EE6nUFLlXYSfvjf46CdFFRRG4A
XLMUSD,Coinbase,loop-u-user_3EE-1780378465426-juuy,close-u-user_3EE-1780379105432-9h0p,ENGINE_SYNTHETIC,2026-06-02 05:34:25,2026-06-02 05:45:07,SELL,43.515533,,0.23,0.23,0,0,STOP_LOSS,,CLOSED_UNVERIFIED,5_ENGINE_CLOSE_NO_BROKER_FILL_CAPTURED,trade_close,user_3EE6nUFLlXYSfvjf46CdFFRRG4A
XLMUSD,Coinbase,loop-u-user_3EE-1780378648340-zd8d,close-u-user_3EE-1780379105535-ucdy,ENGINE_SYNTHETIC,2026-06-02 05:37:28,2026-06-02 05:45:07,SELL,43.704956,,0.23,0.23,0,0,STOP_LOSS,,CLOSED_UNVERIFIED,5_ENGINE_CLOSE_NO_BROKER_FILL_CAPTURED,trade_close,user_3EE6nUFLlXYSfvjf46CdFFRRG4A
XLMUSD,Coinbase,loop-u-user_3EE-1780378160851-a8o8,close-u-user_3EE-1780378353633-kn45,ENGINE_SYNTHETIC,2026-06-02 05:29:21,2026-06-02 05:32:34,SELL,43.5935,,0.23,0.23,0,0,STOP_LOSS,,CLOSED_UNVERIFIED,5_ENGINE_CLOSE_NO_BROKER_FILL_CAPTURED,trade_close,user_3EE6nUFLlXYSfvjf46CdFFRRG4A
XLMUSD,Coinbase,loop-u-user_3EE-1780378105142-6tvu,close-u-user_3EE-1780378352431-1yot,ENGINE_SYNTHETIC,2026-06-02 05:28:25,2026-06-02 05:32:34,SELL,43.52633,,0.23,0.23,0,0,STOP_LOSS,,CLOSED_UNVERIFIED,5_ENGINE_CLOSE_NO_BROKER_FILL_CAPTURED,trade_close,user_3EE6nUFLlXYSfvjf46CdFFRRG4A
XLMUSD,Coinbase,loop-u-user_3EE-1780378049233-1vz8,close-u-user_3EE-1780378352328-jfe6,ENGINE_SYNTHETIC,2026-06-02 05:27:29,2026-06-02 05:32:34,SELL,43.401836,,0.23,0.23,0,0,STOP_LOSS,,CLOSED_UNVERIFIED,5_ENGINE_CLOSE_NO_BROKER_FILL_CAPTURED,trade_close,user_3EE6nUFLlXYSfvjf46CdFFRRG4A
XLMUSD,Coinbase,loop-u-user_3EE-1780376057239-w6cx,close-u-user_3EE-1780376163342-2700,ENGINE_SYNTHETIC,2026-06-02 04:54:17,2026-06-02 04:56:04,SELL,42.85353,,0.23,0.23,0,0,STOP_LOSS,,CLOSED_UNVERIFIED,5_ENGINE_CLOSE_NO_BROKER_FILL_CAPTURED,trade_close,user_3EE6nUFLlXYSfvjf46CdFFRRG4A
XLMUSD,Coinbase,loop-u-user_3EE-1780376010428-cnht,close-u-user_3EE-1780376111932-8eqc,ENGINE_SYNTHETIC,2026-06-02 04:53:30,2026-06-02 04:55:13,SELL,42.92214,,0.23,0.23,0,0,STOP_LOSS,,CLOSED_UNVERIFIED,5_ENGINE_CLOSE_NO_BROKER_FILL_CAPTURED,trade_close,user_3EE6nUFLlXYSfvjf46CdFFRRG4A
NEARUSD,Coinbase,loop-u-user_3EE-1780348623628-bi9s,close-u-user_3EE-1780351162161-mhq7,ENGINE_SYNTHETIC,2026-06-01 21:17:04,2026-06-01 21:59:22,BUY,7.61,,2.63,2.63,0,0,TRAILING_STOP,,CLOSED_UNVERIFIED,5_ENGINE_CLOSE_NO_BROKER_FILL_CAPTURED,trade_close,user_3EE6nUFLlXYSfvjf46CdFFRRG4A
XLMUSD,Coinbase,loop-u-user_3EE-1780298364245-n0ip,close-u-user_3EE-1780314628162-9apo,ENGINE_SYNTHETIC,2026-06-01 07:19:24,2026-06-01 11:50:28,SELL,37.813187,,0.26,0.26,0,0,TRAILING_STOP,,CLOSED_UNVERIFIED,5_ENGINE_CLOSE_NO_BROKER_FILL_CAPTURED,trade_close,user_3EE6nUFLlXYSfvjf46CdFFRRG4A
HBARUSD,Coinbase,loop-u-user_3EE-1780303180010-m4tx,close-u-user_3EE-1780303183603-957c,ENGINE_SYNTHETIC,2026-06-01 08:39:40,2026-06-01 08:39:44,BUY,105.8,,0.09,0.09,0,0,TAKE_PROFIT,,CLOSED_UNVERIFIED,5_ENGINE_CLOSE_NO_BROKER_FILL_CAPTURED,trade_close,user_3EE6nUFLlXYSfvjf46CdFFRRG4A
HBARUSD,Coinbase,loop-u-user_3EE-1780302636624-n369,close-u-user_3EE-1780302637305-ins4,ENGINE_SYNTHETIC,2026-06-01 08:30:36,2026-06-01 08:30:39,BUY,106.1,,0.09,0.09,0,0,TAKE_PROFIT,,CLOSED_UNVERIFIED,5_ENGINE_CLOSE_NO_BROKER_FILL_CAPTURED,trade_close,user_3EE6nUFLlXYSfvjf46CdFFRRG4A
HBARUSD,Coinbase,loop-u-user_3EE-1780302586820-5g0h,close-u-user_3EE-1780302595712-pcb7,ENGINE_SYNTHETIC,2026-06-01 08:29:47,2026-06-01 08:29:57,BUY,106,,0.09,0.09,0,0,TAKE_PROFIT,,CLOSED_UNVERIFIED,5_ENGINE_CLOSE_NO_BROKER_FILL_CAPTURED,trade_close,user_3EE6nUFLlXYSfvjf46CdFFRRG4A
HBARUSD,Coinbase,loop-u-user_3EE-1780302275071-jlgq,close-u-user_3EE-1780302276205-mbhl,ENGINE_SYNTHETIC,2026-06-01 08:24:35,2026-06-01 08:24:37,BUY,106,,0.09,0.09,0,0,TAKE_PROFIT,,CLOSED_UNVERIFIED,5_ENGINE_CLOSE_NO_BROKER_FILL_CAPTURED,trade_close,user_3EE6nUFLlXYSfvjf46CdFFRRG4A
HBARUSD,Coinbase,loop-u-user_3EE-1780302226728-rfwd,close-u-user_3EE-1780302237212-t1p1,ENGINE_SYNTHETIC,2026-06-01 08:23:47,2026-06-01 08:23:58,BUY,106,,0.09,0.09,0,0,TAKE_PROFIT,,CLOSED_UNVERIFIED,5_ENGINE_CLOSE_NO_BROKER_FILL_CAPTURED,trade_close,user_3EE6nUFLlXYSfvjf46CdFFRRG4A
HBARUSD,Coinbase,loop-u-user_3EE-1780302035815-09k8,close-u-user_3EE-1780302037708-0ovp,ENGINE_SYNTHETIC,2026-06-01 08:20:36,2026-06-01 08:20:38,BUY,106,,0.09,0.09,0,0,TAKE_PROFIT,,CLOSED_UNVERIFIED,5_ENGINE_CLOSE_NO_BROKER_FILL_CAPTURED,trade_close,user_3EE6nUFLlXYSfvjf46CdFFRRG4A
HBARUSD,Coinbase,loop-u-user_3EE-1780301980842-n6jm,close-u-user_3EE-1780301987704-v3su,ENGINE_SYNTHETIC,2026-06-01 08:19:41,2026-06-01 08:19:49,BUY,105.9,,0.09,0.09,0,0,TAKE_PROFIT,,CLOSED_UNVERIFIED,5_ENGINE_CLOSE_NO_BROKER_FILL_CAPTURED,trade_close,user_3EE6nUFLlXYSfvjf46CdFFRRG4A
ALGOUSD,Coinbase,loop-u-user_3EE-1780291829479-uucu,close-u-user_3EE-1780291838258-4ql3,ENGINE_SYNTHETIC,2026-06-01 05:30:29,2026-06-01 05:30:39,SELL,81.1,,0.12,0.12,0,0,STOP_LOSS,,CLOSED_UNVERIFIED,5_ENGINE_CLOSE_NO_BROKER_FILL_CAPTURED,trade_close,user_3EE6nUFLlXYSfvjf46CdFFRRG4A
ALGOUSD,Coinbase,loop-u-user_3EE-1780291771265-9sen,close-u-user_3EE-1780291776655-t1nm,ENGINE_SYNTHETIC,2026-06-01 05:29:31,2026-06-01 05:29:37,SELL,81.2,,0.12,0.12,0,0,STOP_LOSS,,CLOSED_UNVERIFIED,5_ENGINE_CLOSE_NO_BROKER_FILL_CAPTURED,trade_close,user_3EE6nUFLlXYSfvjf46CdFFRRG4A
ALGOUSD,Coinbase,loop-u-user_3EE-1780291347358-xbga,close-u-user_3EE-1780291349547-9mfs,ENGINE_SYNTHETIC,2026-06-01 05:22:27,2026-06-01 05:22:29,SELL,81,,0.12,0.12,0,0,STOP_LOSS,,CLOSED_UNVERIFIED,5_ENGINE_CLOSE_NO_BROKER_FILL_CAPTURED,trade_close,user_3EE6nUFLlXYSfvjf46CdFFRRG4A
ALGOUSD,Coinbase,loop-u-user_3EE-1780291295456-5rhv,close-u-user_3EE-1780291304253-o8zr,ENGINE_SYNTHETIC,2026-06-01 05:21:35,2026-06-01 05:21:44,SELL,81,,0.12,0.12,0,0,STOP_LOSS,,CLOSED_UNVERIFIED,5_ENGINE_CLOSE_NO_BROKER_FILL_CAPTURED,trade_close,user_3EE6nUFLlXYSfvjf46CdFFRRG4A
ALGOUSD,Coinbase,loop-u-user_3EE-1780291226651-wop6,close-u-user_3EE-1780291227945-9op3,ENGINE_SYNTHETIC,2026-06-01 05:20:26,2026-06-01 05:20:28,SELL,81.1,,0.12,0.12,0,0,STOP_LOSS,,CLOSED_UNVERIFIED,5_ENGINE_CLOSE_NO_BROKER_FILL_CAPTURED,trade_close,user_3EE6nUFLlXYSfvjf46CdFFRRG4A
ALGOUSD,Coinbase,loop-u-user_3EE-1780291172157-6h2d,close-u-user_3EE-1780291181156-143j,ENGINE_SYNTHETIC,2026-06-01 05:19:32,2026-06-01 05:19:41,SELL,81.1,,0.12,0.12,0,0,STOP_LOSS,,CLOSED_UNVERIFIED,5_ENGINE_CLOSE_NO_BROKER_FILL_CAPTURED,trade_close,user_3EE6nUFLlXYSfvjf46CdFFRRG4A
ALGOUSD,Coinbase,loop-u-user_3EE-1780291109571-bfb8,close-u-user_3EE-1780291115045-4x71,ENGINE_SYNTHETIC,2026-06-01 05:18:30,2026-06-01 05:18:36,SELL,81.1,,0.12,0.12,0,0,STOP_LOSS,,CLOSED_UNVERIFIED,5_ENGINE_CLOSE_NO_BROKER_FILL_CAPTURED,trade_close,user_3EE6nUFLlXYSfvjf46CdFFRRG4A
ALGOUSD,Coinbase,loop-u-user_3EE-1780288890854-7yzp,close-u-user_3EE-1780288899856-k4th,ENGINE_SYNTHETIC,2026-06-01 04:41:31,2026-06-01 04:41:40,SELL,80.7,,0.12,0.12,0,0,STOP_LOSS,,CLOSED_UNVERIFIED,5_ENGINE_CLOSE_NO_BROKER_FILL_CAPTURED,trade_close,user_3EE6nUFLlXYSfvjf46CdFFRRG4A
ALGOUSD,Coinbase,loop-u-user_3EE-1780288830169-ksbe,close-u-user_3EE-1780288835753-16uo,ENGINE_SYNTHETIC,2026-06-01 04:40:30,2026-06-01 04:40:36,SELL,80.6,,0.12,0.12,0,0,STOP_LOSS,,CLOSED_UNVERIFIED,5_ENGINE_CLOSE_NO_BROKER_FILL_CAPTURED,trade_close,user_3EE6nUFLlXYSfvjf46CdFFRRG4A
XLMUSD,Coinbase,loop-u-user_3EE-1780258820856-pz19,close-u-user_3EE-1780258822254-0ijc,ENGINE_SYNTHETIC,2026-05-31 20:20:21,2026-05-31 20:20:22,SELL,40.90816,,0.24,0.24,0,0,STOP_LOSS,,CLOSED_UNVERIFIED,5_ENGINE_CLOSE_NO_BROKER_FILL_CAPTURED,trade_close,user_3EE6nUFLlXYSfvjf46CdFFRRG4A
XLMUSD,Coinbase,loop-u-user_3EE-1780258765549-2od3,close-u-user_3EE-1780258773358-lkd2,ENGINE_SYNTHETIC,2026-05-31 20:19:25,2026-05-31 20:19:33,SELL,40.898792,,0.24,0.24,0,0,STOP_LOSS,,CLOSED_UNVERIFIED,5_ENGINE_CLOSE_NO_BROKER_FILL_CAPTURED,trade_close,user_3EE6nUFLlXYSfvjf46CdFFRRG4A
XLMUSD,Coinbase,loop-u-user_3EE-1780258701362-m2iu,close-u-user_3EE-1780258706065-dyoq,ENGINE_SYNTHETIC,2026-05-31 20:18:21,2026-05-31 20:18:26,SELL,40.956413,,0.24,0.24,0,0,STOP_LOSS,,CLOSED_UNVERIFIED,5_ENGINE_CLOSE_NO_BROKER_FILL_CAPTURED,trade_close,user_3EE6nUFLlXYSfvjf46CdFFRRG4A
XLMUSD,Coinbase,loop-u-user_3EE-1780257856066-x4a8,close-u-user_3EE-1780257856962-w5tk,ENGINE_SYNTHETIC,2026-05-31 20:04:16,2026-05-31 20:04:17,SELL,41.079403,,0.24,0.24,0,0,STOP_LOSS_PARTIAL,,CLOSED_UNVERIFIED,3_PARTIAL_CLOSE_PNL_ZERO,trade_close,user_3EE6nUFLlXYSfvjf46CdFFRRG4A
XLMUSD,Coinbase,loop-u-user_3EE-1780257805057-uu3u,close-u-user_3EE-1780257813762-g3wv,ENGINE_SYNTHETIC,2026-05-31 20:03:25,2026-05-31 20:03:34,SELL,41.071472,,0.24,0.24,0,0,STOP_LOSS_PARTIAL,,CLOSED_UNVERIFIED,3_PARTIAL_CLOSE_PNL_ZERO,trade_close,user_3EE6nUFLlXYSfvjf46CdFFRRG4A
XLMUSD,Coinbase,loop-u-user_3EE-1780217901939-znbq,close-u-user_3EE-1780217903729-bbwa,ENGINE_SYNTHETIC,2026-05-31 08:58:23,2026-05-31 08:58:24,BUY,42.25239,,0.24,0.24,0,0,STOP_LOSS_PARTIAL,,CLOSED_UNVERIFIED,3_PARTIAL_CLOSE_PNL_ZERO,trade_close,user_3EE6nUFLlXYSfvjf46CdFFRRG4A
